CCANetworkXIC,WaterNetworkXIC,featureNumber,subnetwork,m/z,rententionTime,conciseConsensus,conciseConsensusLevel,conciseConsensusScore,matchSource,molecularFormula,ZodiacScore,libraryMatchID,libraryInstrument,librarySmiles,libraryINCHI
445286.37799999997,194904.1195,34,7002,153.09113600280122,4.8466783,Lipids and lipid-like molecules;Fatty Acyls;Fatty acids and conjugates,subclass,1,Library,C9H12O2,0.9999999999999999,AZELATE,Orbitrap,OC(=O)CCCCCCCC(O)=O,"""InChI=1S/C9H16O4/c10-8(11)6-4-2-1-3-5-7-9(12)13/h1-7H2,(H,10,11)(H,12,13)"""
445286.37799999997,194904.1195,36,7002,153.09114209376267,4.7605076,Lipids and lipid-like molecules;Fatty Acyls;Fatty acids and conjugates,subclass,1,Library,C9H12O2,0.9999999999999999,AZELATE,Orbitrap,OC(=O)CCCCCCCC(O)=O,"""InChI=1S/C9H16O4/c10-8(11)6-4-2-1-3-5-7-9(12)13/h1-7H2,(H,10,11)(H,12,13)"""
445286.37799999997,194904.1195,37,7002,153.09114264042623,4.6974907,Lipids and lipid-like molecules;Fatty Acyls;Fatty acids and conjugates,subclass,1,Library,C9H12O2,0.9999999999999999,AZELATE,Orbitrap,OC(=O)CCCCCCCC(O)=O,"""InChI=1S/C9H16O4/c10-8(11)6-4-2-1-3-5-7-9(12)13/h1-7H2,(H,10,11)(H,12,13)"""
544365.7183333333,298441.022,111,3107,157.08606857654866,3.1693616,Lipids and lipid-like molecules;Fatty Acyls;Fatty acids and conjugates,subclass,1,In silico,NA,NA,NA,NA,NA,NA
1452874.5733333332,737007.245,138,841,158.1541573558574,7.6626487,Lipids and lipid-like molecules;Fatty Acyls;Fatty amides,subclass,1,In silico,C9H19NO,0.9999999999999999,NA,NA,NA,NA
234644.96333333332,38706.834,148,7175,159.06534999636244,5.527963,Organoheterocyclic compounds;Lactones;Gamma butyrolactones,subclass,1,In silico,C7H10O4,0.9999999999999999,NA,NA,NA,NA
122722.1,25482.5305,152,4585,159.11704803174496,9.344086,Hydrocarbons;Unsaturated hydrocarbons;Olefins,subclass,1,In silico,C12H14,0.9999999999999999,NA,NA,NA,NA
10252737.507333333,2351196.2985,177,702,161.0962268384482,8.819399,Unknown,NA,NA,NA,C11H12O,0.9999999999999999,"Spectral Match to 9,12-Octadecadiynoic Acid from NIST14",IT/ion trap,N/A,N/A
10252737.507333333,2351196.2985,178,702,161.0962554848066,8.9835825,Unknown,NA,NA,NA,C11H12O,0.9999999999999999,"Spectral Match to 9,12-Octadecadiynoic Acid from NIST14",IT/ion trap,N/A,N/A
10252737.507333333,2351196.2985,184,702,161.0962808578399,9.107531,Unknown,NA,NA,NA,C11H12O,0.9999999999999999,"Spectral Match to 9,12-Octadecadiynoic Acid from NIST14",IT/ion trap,N/A,N/A
10252737.507333333,2351196.2985,185,702,161.09628153206165,9.228317,Unknown,NA,NA,NA,C11H12O,0.9999999999999999,"Spectral Match to 9,12-Octadecadiynoic Acid from NIST14",IT/ion trap,N/A,N/A
10252737.507333333,2351196.2985,186,702,161.0962965181291,9.417668,Unknown,NA,NA,NA,C11H12O,0.9999999999999999,"Spectral Match to 9,12-Octadecadiynoic Acid from NIST14",IT/ion trap,N/A,N/A
21594109.270666666,3615246.6351,337,108,164.1435783010104,5.7537527,Benzenoids;Benzene and substituted derivatives;Aniline and substituted anilines,subclass,1,Library,C11H17N,0.9999999999999999,Massbank:LU046802 4-Pentylaniline,Hybrid FT,CCCCCC1=CC=C(N)C=C1,"1S/C11H17N/c1-2-3-4-5-10-6-8-11(12)9-7-10/h6-9H,2-5,12H2,1H3"
21594109.270666666,3615246.6351,338,108,164.14358305052554,5.6587214,Benzenoids;Benzene and substituted derivatives;Aniline and substituted anilines,subclass,1,Library,C11H17N,0.9999999999999999,Massbank:LU046802 4-Pentylaniline,Hybrid FT,CCCCCC1=CC=C(N)C=C1,"1S/C11H17N/c1-2-3-4-5-10-6-8-11(12)9-7-10/h6-9H,2-5,12H2,1H3"
586576.7673333334,282342.301,490,1885,169.1225040493118,8.023279,Lipids and lipid-like molecules,superclass,0.6666666666666666,In silico,C10H16O2,0.9999999999999999,NA,NA,NA,NA
556838.2933333333,139699.18,511,3496,170.1177428101512,7.6100736,Organic acids and derivatives;Carboxylic acids and derivatives;Carboxylic acid derivatives,subclass,1,In silico,C9H15NO2,0.9999999999999999,NA,NA,NA,NA
5651788.385,820881.1633,542,3054,171.09928186432063,3.5442655,Organic acids and derivatives,superclass,0.6,In silico,C7H12N3O2,0.9999999999999999,NA,NA,NA,NA
5651788.385,820881.1633,543,3054,171.09928960988506,3.6407177,Organic acids and derivatives,superclass,0.6,In silico,C7H12N3O2,0.9999999999999999,Yohimbinic acid monohydrate,Orbitrap,O=C(O)C1C(O)CCC2CN3CCc4c([nH]c5ccccc45)C3CC21,"InChI=1S/C20H24N2O3/c23-17-6-5-11-10-22-8-7-13-12-3-1-2-4-15(12)21-19(13)16(22)9-14(11)18(17)20(24)25/h1-4,11,14,16-18,21,23H,5-10H2,(H,24,25)/t11-,14-,16-,17-,18?/m0/s1"
5651788.385,820881.1633,544,3054,171.09929940280043,3.7198682,Organic acids and derivatives,superclass,0.6,In silico,C7H12N3O2,0.9999999999999999,NA,NA,NA,NA
5651788.385,820881.1633,545,3054,171.0993925771961,4.085255,Organic acids and derivatives,superclass,0.6,In silico,C7H16O3,0.9999999999999999,NA,NA,NA,NA
5651788.385,820881.1633,546,3054,171.09939538513126,4.032352,Organic acids and derivatives,superclass,0.6,In silico,C7H16O3,0.9999999999999999,NA,NA,NA,NA
544365.7183333333,298441.022,553,3107,171.10169953227225,4.807463,Lipids and lipid-like molecules;Fatty Acyls;Fatty acids and conjugates,subclass,1,In silico,C9H14O3,0.9999999999999999,NA,NA,NA,NA
544365.7183333333,298441.022,554,3107,171.101700382692,4.6947002,Lipids and lipid-like molecules;Fatty Acyls;Fatty acids and conjugates,subclass,1,In silico,C9H14O3,0.9999999999999999,NA,NA,NA,NA
3581410.4436666667,1969757.419,626,12836,172.16971487948112,8.735763,Organic acids and derivatives;Carboxylic acids and derivatives;Carboxylic acid derivatives,subclass,0.75,In silico,NA,NA,NA,NA,NA,NA
3581410.4436666667,1969757.419,627,12836,172.16975083092063,8.921053,Organic acids and derivatives;Carboxylic acids and derivatives;Carboxylic acid derivatives,subclass,0.75,In silico,C10H21NO,0.9999999999999999,NA,NA,NA,NA
3581410.4436666667,1969757.419,629,12836,172.16976171311336,9.185609,Organic acids and derivatives;Carboxylic acids and derivatives;Carboxylic acid derivatives,subclass,0.75,In silico,C10H21NO,0.9999999999999999,NA,NA,NA,NA
3581410.4436666667,1969757.419,630,12836,172.16976250861364,9.087267,Organic acids and derivatives;Carboxylic acids and derivatives;Carboxylic acid derivatives,subclass,0.75,In silico,C10H21NO,0.9999999999999999,NA,NA,NA,NA
3581410.4436666667,1969757.419,632,12836,172.16977162047445,9.259488,Organic acids and derivatives;Carboxylic acids and derivatives;Carboxylic acid derivatives,subclass,0.75,In silico,C10H21NO,0.9999999999999999,NA,NA,NA,NA
10252737.507333333,2351196.2985,765,702,175.11202724086212,10.27949,Unknown,NA,NA,NA,C12H14O,0.9999999999999999,Spectral Match to (-)-Perillyl alcohol from NIST14,QqQ,N/A,N/A
10252737.507333333,2351196.2985,766,702,175.1120282645234,9.973312,Unknown,NA,NA,NA,C12H14O,0.9999999999999999,Spectral Match to (-)-Perillyl alcohol from NIST14,QqQ,N/A,N/A
10252737.507333333,2351196.2985,767,702,175.11202838163774,10.063699,Unknown,NA,NA,NA,C12H14O,0.9999999999999999,Spectral Match to (-)-Perillyl alcohol from NIST14,QqQ,N/A,N/A
10252737.507333333,2351196.2985,768,702,175.11203005316364,10.179666,Unknown,NA,NA,NA,C12H14O,0.9999999999999999,Spectral Match to (-)-Perillyl alcohol from NIST14,QqQ,N/A,N/A
10252737.507333333,2351196.2985,769,702,175.1120342598223,9.893046,Unknown,NA,NA,NA,C12H14O,0.9999999999999999,Spectral Match to (-)-Perillyl alcohol from NIST14,QqQ,N/A,N/A
10252737.507333333,2351196.2985,770,702,175.1120378910412,9.652665,Unknown,NA,NA,NA,C12H14O,0.9999999999999999,Spectral Match to (-)-Perillyl alcohol from NIST14,QqQ,N/A,N/A
10252737.507333333,2351196.2985,771,702,175.11203842681928,9.579097,Unknown,NA,NA,NA,C12H14O,0.9999999999999999,Spectral Match to (-)-Perillyl alcohol from NIST14,QqQ,N/A,N/A
168424.248,75414.6985,818,1063,176.1068449587092,8.217039,Organic oxygen compounds;Organooxygen compounds;Ethers,subclass,1,In silico,C11H13NO,0.9999999999999999,NA,NA,NA,NA
168424.248,75414.6985,820,1063,176.10720690897782,8.012534,Organic oxygen compounds;Organooxygen compounds;Ethers,subclass,1,In silico,C11H13NO,0.9999999999999999,NA,NA,NA,NA
29435518.911666665,15163574.9135,833,259,177.05482126015983,9.534797,Benzenoids;Benzene and substituted derivatives;Benzoic acids and derivatives,subclass,1,Library,C10H8O3,0.9999999999999999,Spectral Match to Diethyl phthalate from NIST14,QqQ,N/A,N/A
29435518.911666665,15163574.9135,839,259,177.0548821754799,10.190856,Benzenoids;Benzene and substituted derivatives;Benzoic acids and derivatives,subclass,1,Library,C10H8O3,0.9999999999999999,Spectral Match to Diethyl phthalate from NIST14,QqQ,N/A,N/A
29435518.911666665,15163574.9135,840,259,177.0587220072616,9.514407,Benzenoids;Benzene and substituted derivatives;Benzoic acids and derivatives,subclass,1,Library,NA,NA,Spectral Match to Diethyl phthalate from NIST14,QqQ,N/A,N/A
10252737.507333333,2351196.2985,849,702,177.0911683287117,5.3200674,Unknown,NA,NA,NA,C11H16O4,0.9999999999999999,(3E)-4-(4-methoxyphenyl)but-3-en-2-one,Orbitrap,COc1ccc(C=CC(C)=O)cc1,"InChI=1S/C11H12O2/c1-9(12)3-4-10-5-7-11(13-2)8-6-10/h3-8H,1-2H3/b4-3+"
10252737.507333333,2351196.2985,850,702,177.09118077787957,5.1517754,Unknown,NA,NA,NA,C11H12O2,0.9999999999999999,(3E)-4-(4-methoxyphenyl)but-3-en-2-one,Orbitrap,COc1ccc(C=CC(C)=O)cc1,"InChI=1S/C11H12O2/c1-9(12)3-4-10-5-7-11(13-2)8-6-10/h3-8H,1-2H3/b4-3+"
10252737.507333333,2351196.2985,854,702,177.0912050774126,6.447237,Unknown,NA,NA,NA,C11H12O2,0.9999999999999999,Spectral Match to .delta.-Tocotrienol from NIST14,IT/ion trap,N/A,N/A
10252737.507333333,2351196.2985,855,702,177.09120783916413,8.331798,Unknown,NA,NA,NA,C11H12O2,0.9999999999999999,(3E)-4-(4-methoxyphenyl)but-3-en-2-one,Orbitrap,COc1ccc(C=CC(C)=O)cc1,"InChI=1S/C11H12O2/c1-9(12)3-4-10-5-7-11(13-2)8-6-10/h3-8H,1-2H3/b4-3+"
1592818.8090000001,828172.735,857,4679,177.09121515706912,8.70647,Benzenoids;Phenol ethers;Anisoles,subclass,1,Library,C11H12O2,0.9999999999999999,(3E)-4-(4-methoxyphenyl)but-3-en-2-one,Orbitrap,COc1ccc(C=CC(C)=O)cc1,"InChI=1S/C11H12O2/c1-9(12)3-4-10-5-7-11(13-2)8-6-10/h3-8H,1-2H3/b4-3+"
1592818.8090000001,828172.735,859,4679,177.09122538865358,8.923352,Benzenoids;Phenol ethers;Anisoles,subclass,1,Library,C11H12O2,0.9999999999999999,(3E)-4-(4-methoxyphenyl)but-3-en-2-one,Orbitrap,COc1ccc(C=CC(C)=O)cc1,"InChI=1S/C11H12O2/c1-9(12)3-4-10-5-7-11(13-2)8-6-10/h3-8H,1-2H3/b4-3+"
10252737.507333333,2351196.2985,862,702,177.09122844901523,8.186942,Unknown,NA,NA,NA,NA,NA,Spectral Match to .delta.-Tocotrienol from NIST14,IT/ion trap,N/A,N/A
163583.97333333333,78939.447,881,3702,177.12758788275625,6.897121,Organic acids and derivatives;Carboxylic acids and derivatives;Carboxylic acid derivatives,subclass,1,In silico,C12H20O3,0.9999999999999999,"3-(2-methylpropyl)-3a,4,5,6-tetrahydro-2-benzofuran-1(3h)-one",Orbitrap,CC(C)CC1OC(=O)C2=CCCCC21,"InChI=1S/C12H18O2/c1-8(2)7-11-9-5-3-4-6-10(9)12(13)14-11/h6,8-9,11H,3-5,7H2,1-2H3"
14718339.7,3027720.52,915,3350,178.1228336457816,7.3622823,Benzenoids;Benzene and substituted derivatives;Benzoic acids and derivatives,subclass,1,Library,C11H15NO,0.9999999999999999,Massbank:FIO00397 Rebemide,LC-ESI-QTOF,CCN(CC)C(=O)c(c1)cccc1,"1S/C11H15NO/c1-3-12(4-2)11(13)10-8-6-5-7-9-10/h5-9H,3-4H2,1-2H3"
14718339.7,3027720.52,916,3350,178.12283742208834,7.5087147,Benzenoids;Benzene and substituted derivatives;Benzoic acids and derivatives,subclass,1,Library,C11H15NO,0.9999999999999999,Massbank:FIO00397 Rebemide,LC-ESI-QTOF,CCN(CC)C(=O)c(c1)cccc1,"1S/C11H15NO/c1-3-12(4-2)11(13)10-8-6-5-7-9-10/h5-9H,3-4H2,1-2H3"
327609.38666666666,193350.9995,1107,14422,181.12248355583046,7.7782497,Lipids and lipid-like molecules;Prenol lipids;Monoterpenoids,subclass,1,In silico,C11H16O2,0.9999999999999999,NA,NA,NA,NA
84632.95199999999,11624.046999999999,1266,13671,185.15384569319653,7.8728795,Organic acids and derivatives;Carboxylic acids and derivatives;Monocarboxylic acids and derivatives,subclass,1,In silico,C11H20O2,0.9999999999999999,NA,NA,NA,NA
1452874.5733333332,737007.245,1297,841,186.18554083448674,10.150177,Lipids and lipid-like molecules;Fatty Acyls;Fatty amides,subclass,1,In silico,C11H23NO,0.9999999999999999,NA,NA,NA,NA
1452874.5733333332,737007.245,1299,841,186.18555225542093,9.979823,Lipids and lipid-like molecules;Fatty Acyls;Fatty amides,subclass,1,In silico,C11H23NO,0.9999999999999999,NA,NA,NA,NA
10252737.507333333,2351196.2985,1339,702,187.11205805793938,10.257512,Unknown,NA,NA,NA,C13H14O,0.9999999999999999,AC-LYS-OH - 40.0 eV,Orbitrap,CC(=O)N[C@@H](CCCCN)C(=O)O,N/A
10252737.507333333,2351196.2985,1340,702,187.1120645487572,10.090027,Unknown,NA,NA,NA,C13H14O,0.9999999999999999,AC-LYS-OH - 40.0 eV,Orbitrap,CC(=O)N[C@@H](CCCCN)C(=O)O,N/A
10252737.507333333,2351196.2985,1341,702,187.11206453342808,9.978361,Unknown,NA,NA,NA,C13H14O,0.9999999999999999,AC-LYS-OH - 40.0 eV,Orbitrap,CC(=O)N[C@@H](CCCCN)C(=O)O,N/A
10252737.507333333,2351196.2985,1342,702,187.11206500747144,10.1738405,Unknown,NA,NA,NA,C13H14O,0.9999999999999999,AC-LYS-OH - 40.0 eV,Orbitrap,CC(=O)N[C@@H](CCCCN)C(=O)O,N/A
2581181.9,668086.225,1714,8114,193.14183817853416,8.040832,Organoheterocyclic compounds;Triazines;Aminotriazines,subclass,1,In silico,C8H18N4,0.9999999999999999,NA,NA,NA,NA
238770.93,67218.894,1729,4975,193.15895046643917,7.6598635,Lipids and lipid-like molecules;Prenol lipids,class,1,In silico,C13H20O,0.9999999999999999,NA,NA,NA,NA
238770.93,67218.894,1730,4975,193.15895262981923,7.7920885,Lipids and lipid-like molecules;Prenol lipids,class,1,In silico,C13H20O,0.9999999999999999,NA,NA,NA,NA
327609.38666666666,193350.9995,1833,14422,195.13819709005776,7.7534976,Lipids and lipid-like molecules;Prenol lipids;Monoterpenoids,subclass,1,In silico,C12H18O2,0.9999999999999999,NA,NA,NA,NA
136350.098,0,1848,1500,196.1445990775608,5.1475534,Organoheterocyclic compounds;Azoles,class,1,In silico,C10H17N3O,0.9999999999999999,NA,NA,NA,NA
1452874.5733333332,737007.245,2095,841,200.20112201275091,10.335239,Lipids and lipid-like molecules;Fatty Acyls;Fatty amides,subclass,1,In silico,C12H25NO,0.9999999999999999,Acadesine,qTof,C1=NC(=C(N1[C@H]2[C@@H]([C@@H]([C@H](O2)CO)O)O)N)C(=O)N,"InChI=1S/C9H14N4O5/c10-7-4(8(11)17)12-2-13(7)9-6(16)5(15)3(1-14)18-9/h2-3,5-6,9,14-16H,1,10H2,(H2,11,17)/t3-,5-,6-,9-/m1/s1"
411713.4733333334,78416.109,2108,4354,201.1098273983867,3.4206345,Lipids and lipid-like molecules;Fatty Acyls,class,1,In silico,C8H18O4,0.9999999999999999,HarmalolHCl2H2O///harmalol///Harmalol,Orbitrap,CC1=NCCc2c1[nH]c1cc(O)ccc21,"InChI=1S/C12H12N2O/c1-7-12-10(4-5-13-7)9-3-2-8(15)6-11(9)14-12/h2-3,6,14-15H,4-5H2,1H3"
411713.4733333334,78416.109,2109,4354,201.10983525617965,3.4759247,Lipids and lipid-like molecules;Fatty Acyls,class,1,In silico,C8H18O4,0.9999999999999999,HarmalolHCl2H2O///harmalol///Harmalol,Orbitrap,CC1=NCCc2c1[nH]c1cc(O)ccc21,"InChI=1S/C12H12N2O/c1-7-12-10(4-5-13-7)9-3-2-8(15)6-11(9)14-12/h2-3,6,14-15H,4-5H2,1H3"
1024775.8756666667,490811.6745,2119,126,201.1122948107528,6.022972,Lipids and lipid-like molecules,superclass,0.5454545454545454,In silico,C10H16O4,0.9999999999999999,NA,NA,NA,NA
110131.49666666667,28760.324999999997,2120,1232,201.11229519496746,6.917804,Organic acids and derivatives;Carboxylic acids and derivatives;Carboxylic acid derivatives,subclass,1,In silico,C10H16O4,0.9999999999999999,NA,NA,NA,NA
1024775.8756666667,490811.6745,2123,126,201.11230304648973,6.3025103,Lipids and lipid-like molecules,superclass,0.5454545454545454,In silico,C10H16O4,0.9999999999999999,NA,NA,NA,NA
1024775.8756666667,490811.6745,2125,126,201.1123121579564,6.4117756,Lipids and lipid-like molecules,superclass,0.5454545454545454,In silico,C10H16O4,0.9999999999999999,NA,NA,NA,NA
236884.315,62011.167,2178,3661,201.16393109268068,10.998648,Lipids and lipid-like molecules;Prenol lipids;Sesquiterpenoids,subclass,1,Library,NA,NA,Zerumbone,Orbitrap,CC1=CCC(C)(C)C=CC(=O)C(C)=CCC1,"InChI=1S/C15H22O/c1-12-6-5-7-13(2)14(16)9-11-15(3,4)10-8-12/h7-9,11H,5-6,10H2,1-4H3/b11-9+,12-8+,13-7+"
236884.315,62011.167,2179,3661,201.16394723495392,10.904309,Lipids and lipid-like molecules;Prenol lipids;Sesquiterpenoids,subclass,1,Library,C15H20,0.9999999999999999,Zerumbone,Orbitrap,CC1=CCC(C)(C)C=CC(=O)C(C)=CCC1,"InChI=1S/C15H22O/c1-12-6-5-7-13(2)14(16)9-11-15(3,4)10-8-12/h7-9,11H,5-6,10H2,1-4H3/b11-9+,12-8+,13-7+"
680164.1333333333,317466.152,2429,2022,205.15889243492023,10.7858095,Lipids and lipid-like molecules;Prenol lipids;Sesquiterpenoids,subclass,1,In silico,C14H20O,0.9999999999999999,NA,NA,NA,NA
680164.1333333333,317466.152,2432,2022,205.15891891738306,10.612543,Lipids and lipid-like molecules;Prenol lipids;Sesquiterpenoids,subclass,1,In silico,C14H20O,0.9999999999999999,NA,NA,NA,NA
680164.1333333333,317466.152,2436,2022,205.15895018835218,10.499,Lipids and lipid-like molecules;Prenol lipids;Sesquiterpenoids,subclass,1,In silico,C14H20O,0.9999999999999999,NA,NA,NA,NA
680164.1333333333,317466.152,2437,2022,205.15895427658523,10.370881,Lipids and lipid-like molecules;Prenol lipids;Sesquiterpenoids,subclass,1,In silico,C14H20O,0.9999999999999999,NA,NA,NA,NA
2398855.4,516891.49799999996,2607,4001,208.13339461403976,7.244281,Benzenoids;Benzene and substituted derivatives;Benzoic acids and derivatives,subclass,1,Library,C12H14O2,0.9999999999999999,"Massbank:FIO00378 N,N-Diethyl-3-methoxybenzamide",LC-ESI-QTOF,COc(c1)cc(cc1)C(=O)N(CC)CC,"1S/C12H17NO2/c1-4-13(5-2)12(14)10-7-6-8-11(9-10)15-3/h6-9H,4-5H2,1-3H3"
2398855.4,516891.49799999996,2608,4001,208.13340223035956,7.9486346,Benzenoids;Benzene and substituted derivatives;Benzoic acids and derivatives,subclass,1,Library,C12H17NO2,0.9999999999999999,"Massbank:FIO00378 N,N-Diethyl-3-methoxybenzamide",LC-ESI-QTOF,COc(c1)cc(cc1)C(=O)N(CC)CC,"1S/C12H17NO2/c1-4-13(5-2)12(14)10-7-6-8-11(9-10)15-3/h6-9H,4-5H2,1-3H3"
441259.215,171384.869,2621,10015,209.05996204064883,9.81795,Unknown,NA,NA,In silico,C9H10N3OS,0.9030150753768844,NA,NA,NA,NA
441259.215,171384.869,2676,10015,209.11747945075675,9.738437,Unknown,NA,NA,In silico,C12H16O3,0.9999999999999999,NA,NA,NA,NA
7974362.376666667,3880964.633,2693,1111,209.15376516732283,9.289435,Lipids and lipid-like molecules,superclass,0.6666666666666666,In silico,C13H20O2,0.9999999999999999,NA,NA,NA,NA
7974362.376666667,3880964.633,2694,1111,209.15376578841858,9.199874,Lipids and lipid-like molecules,superclass,0.6666666666666666,In silico,C13H20O2,0.9999999999999999,NA,NA,NA,NA
7974362.376666667,3880964.633,2695,1111,209.15378513565093,9.576755,Lipids and lipid-like molecules,superclass,0.6666666666666666,In silico,C13H20O2,0.9999999999999999,NA,NA,NA,NA
7974362.376666667,3880964.633,2697,1111,209.15377541528954,9.480273,Lipids and lipid-like molecules,superclass,0.6666666666666666,In silico,C13H20O2,0.9999999999999999,NA,NA,NA,NA
7974362.376666667,3880964.633,2710,1111,209.1538113319393,10.369984,Lipids and lipid-like molecules,superclass,0.6666666666666666,In silico,C13H20O2,0.9999999999999999,NA,NA,NA,NA
7974362.376666667,3880964.633,2711,1111,209.153813413598,9.811865,Lipids and lipid-like molecules,superclass,0.6666666666666666,In silico,C13H20O2,0.9999999999999999,NA,NA,NA,NA
7974362.376666667,3880964.633,2712,1111,209.15381428624534,9.754616,Lipids and lipid-like molecules,superclass,0.6666666666666666,In silico,C13H20O2,0.9999999999999999,NA,NA,NA,NA
7974362.376666667,3880964.633,2713,1111,209.15382699124075,9.983395,Lipids and lipid-like molecules,superclass,0.6666666666666666,In silico,C13H20O2,0.9999999999999999,NA,NA,NA,NA
7974362.376666667,3880964.633,2714,1111,209.15383199886463,10.245208,Lipids and lipid-like molecules,superclass,0.6666666666666666,In silico,C13H20O2,0.9999999999999999,NA,NA,NA,NA
344114.415,182332.112,2809,3689,211.13295887343173,8.287951,Lipids and lipid-like molecules;Fatty Acyls,class,1,In silico,C12H18O3,0.9999999999999999,NA,NA,NA,NA
344114.415,182332.112,2825,3689,211.133036638102,8.037458,Lipids and lipid-like molecules;Fatty Acyls,class,1,In silico,C12H18O3,0.9999999999999999,NA,NA,NA,NA
344114.415,182332.112,2830,3689,211.1330429887511,7.8705764,Lipids and lipid-like molecules;Fatty Acyls,class,1,In silico,C12H18O3,0.9999999999999999,NA,NA,NA,NA
383911.615,58749.7243,2841,331,211.1693797021002,6.40864,Lipids and lipid-like molecules,superclass,1,In silico,C13H24O3,0.9999999999999999,NA,NA,NA,NA
383911.615,58749.7243,2846,331,211.16941020115954,6.8730993,Lipids and lipid-like molecules,superclass,1,In silico,C13H22O2,0.9999999999999999,NA,NA,NA,NA
383911.615,58749.7243,2847,331,211.1694151214073,6.94764,Lipids and lipid-like molecules,superclass,1,In silico,C13H22O2,0.9999999999999999,NA,NA,NA,NA
193752.77333333332,74357.025,2892,12968,212.20108909728253,9.861197,Unknown,NA,NA,NA,C13H25NO,0.9999999999999999,Massbank:LU130202 N-Ethyl-4-menthane-3-carboxamide|N-Ethyl-p-menthane-3-carboxamide|N-ethyl-5-methyl-2-propan-2-ylcyclohexane-1-carboxamide,Hybrid FT,CCNC(=O)C1CC(C)CCC1C(C)C,"1S/C13H25NO/c1-5-14-13(15)12-8-10(4)6-7-11(12)9(2)3/h9-12H,5-8H2,1-4H3,(H,14,15)"
5410804.06,1137350.1865,2949,10110,213.14628075071076,7.391284,Lipids and lipid-like molecules;Fatty Acyls;Fatty alcohols,subclass,1,In silico,C10H22O3,0.9999999999999999,NA,NA,NA,NA
5410804.06,1137350.1865,2950,10110,213.14628387589545,7.5451293,Lipids and lipid-like molecules;Fatty Acyls;Fatty alcohols,subclass,1,In silico,C10H22O3,0.9999999999999999,NA,NA,NA,NA
5410804.06,1137350.1865,2951,10110,213.14629926155789,7.6685224,Lipids and lipid-like molecules;Fatty Acyls;Fatty alcohols,subclass,1,In silico,C10H22O3,0.9999999999999999,NA,NA,NA,NA
162159.77333333332,21341.2675,2952,6406,213.1463344940955,8.0821905,Lipids and lipid-like molecules;Fatty Acyls;Fatty alcohols,subclass,1,In silico,C10H22O3,0.9999999999999999,NA,NA,NA,NA
134923.17333333334,57310.7785,2969,2425,213.1486980682052,9.351755,Lipids and lipid-like molecules;Fatty Acyls;Lineolic acids and derivatives,subclass,1,In silico,C12H20O3,0.9999999999999999,NA,NA,NA,NA
925717.7416666667,273541.60835,3067,5096,215.0891561422729,1.4603995,Organic acids and derivatives,superclass,0.8,In silico,C8H12N3O4,0.9999999999999999,NA,NA,NA,NA
925717.7416666667,273541.60835,3068,5096,215.08916039540748,1.6564957,Organic acids and derivatives,superclass,0.8,In silico,C8H16O5,0.9999999999999999,NA,NA,NA,NA
925717.7416666667,273541.60835,3069,5096,215.08916350973854,1.3649887,Organic acids and derivatives,superclass,0.8,In silico,C8H12N3O4,0.9999999999999999,NA,NA,NA,NA
925717.7416666667,273541.60835,3072,5096,215.08919262226686,2.018303,Organic acids and derivatives,superclass,0.8,In silico,C8H12N3O4,0.9999999999999999,NA,NA,NA,NA
1024775.8756666667,490811.6745,3103,126,215.12794690210686,6.147689,Lipids and lipid-like molecules,superclass,0.5454545454545454,In silico,C11H18O4,0.9999999999999999,NA,NA,NA,NA
1024775.8756666667,490811.6745,3104,126,215.12795007358602,6.2840905,Lipids and lipid-like molecules,superclass,0.5454545454545454,In silico,C11H18O4,0.9999999999999999,NA,NA,NA,NA
1024775.8756666667,490811.6745,3112,126,215.12797911467578,7.310347,Lipids and lipid-like molecules,superclass,0.5454545454545454,In silico,NA,NA,NA,NA,NA,NA
1024775.8756666667,490811.6745,3116,126,215.12799042916365,7.0800753,Lipids and lipid-like molecules,superclass,0.5454545454545454,In silico,C11H18O4,0.9999999999999999,NA,NA,NA,NA
10252737.507333333,2351196.2985,3119,702,215.14321355823898,10.949075,Unknown,NA,NA,NA,C15H18O,0.9999999999999999,Isoalantolactone,Orbitrap,C=C1C(=O)OC2CC3(C)CCCC(=C)C3CC12,"InChI=1S/C15H20O2/c1-9-5-4-6-15(3)8-13-11(7-12(9)15)10(2)14(16)17-13/h11-13H,1-2,4-8H2,3H3/t11?,12-,13?,15+/m0/s1"
364937.43666666665,141242.633,3120,12279,215.14322545765162,10.800235,Lipids and lipid-like molecules;Prenol lipids;Terpene lactones,subclass,1,Library,C15H18O,0.9999999999999999,Isoalantolactone,Orbitrap,C=C1C(=O)OC2CC3(C)CCCC(=C)C3CC12,"InChI=1S/C15H20O2/c1-9-5-4-6-15(3)8-13-11(7-12(9)15)10(2)14(16)17-13/h11-13H,1-2,4-8H2,3H3/t11?,12-,13?,15+/m0/s1"
364937.43666666665,141242.633,3122,12279,215.1432542079222,10.640607,Lipids and lipid-like molecules;Prenol lipids;Terpene lactones,subclass,1,Library,C15H18O,0.9999999999999999,Isoalantolactone,Orbitrap,C=C1C(=O)OC2CC3(C)CCCC(=C)C3CC12,"InChI=1S/C15H20O2/c1-9-5-4-6-15(3)8-13-11(7-12(9)15)10(2)14(16)17-13/h11-13H,1-2,4-8H2,3H3/t11?,12-,13?,15+/m0/s1"
586576.7673333334,282342.301,3516,1885,221.11731740309995,8.8268175,Lipids and lipid-like molecules,superclass,0.6666666666666666,In silico,NA,NA,NA,NA,NA,NA
586576.7673333334,282342.301,3563,1885,221.153702549538,8.856012,Lipids and lipid-like molecules,superclass,0.6666666666666666,In silico,C14H20O2,0.9999999999999999,NA,NA,NA,NA
1742379.6,479093.755,3567,142,221.15373404769392,8.258457,Lipids and lipid-like molecules;Prenol lipids,class,1,In silico,C14H20O2,0.9999999999999999,NA,NA,NA,NA
586576.7673333334,282342.301,3569,1885,221.15374403230356,9.070882,Lipids and lipid-like molecules,superclass,0.6666666666666666,In silico,C14H20O2,0.9999999999999999,NA,NA,NA,NA
1742379.6,479093.755,3583,142,221.15377788369005,8.156355,Lipids and lipid-like molecules;Prenol lipids,class,1,In silico,C14H20O2,0.9999999999999999,NA,NA,NA,NA
363751.24566666665,188442.9535,3623,6840,222.11257877487563,5.9670715,Organoheterocyclic compounds;Benzodioxoles,class,1,In silico,NA,NA,NA,NA,NA,NA
363751.24566666665,188442.9535,3624,6840,222.11258286845933,6.1777635,Organoheterocyclic compounds;Benzodioxoles,class,1,In silico,C12H15NO3,0.9994974874371859,NA,NA,NA,NA
29435518.911666665,15163574.9135,3667,259,223.09649343177358,8.578416,Benzenoids;Benzene and substituted derivatives;Benzoic acids and derivatives,subclass,1,Library,NA,NA,MassbankEU:SM823305 Monoisobutyl phthalate|Isobutyl hydrogen phthalate|2-(2-methylpropoxycarbonyl)benzoic acid,LC-ESI-QFT,CC(C)COC(=O)C1=CC=CC=C1C(O)=O,"1S/C12H14O4/c1-8(2)7-16-12(15)10-6-4-3-5-9(10)11(13)14/h3-6,8H,7H2,1-2H3,(H,13,14)"
29435518.911666665,15163574.9135,3670,259,223.09655524947743,11.113062,Benzenoids;Benzene and substituted derivatives;Benzoic acids and derivatives,subclass,1,Library,C12H14O4,0.9999999999999999,MassbankEU:SM823305 Monoisobutyl phthalate|Isobutyl hydrogen phthalate|2-(2-methylpropoxycarbonyl)benzoic acid,LC-ESI-QFT,CC(C)COC(=O)C1=CC=CC=C1C(O)=O,"1S/C12H14O4/c1-8(2)7-16-12(15)10-6-4-3-5-9(10)11(13)14/h3-6,8H,7H2,1-2H3,(H,13,14)"
261764.17,48868.72,3959,3517,226.09932841332724,8.723868,Organoheterocyclic compounds;Quinolines and derivatives,class,1,In silico,C8H17N3OS,0.6030150753768845,NA,NA,NA,NA
902125.9733333334,634280.353,4054,12719,227.12779904991814,7.7769876,Organoheterocyclic compounds,superclass,0.6666666666666666,In silico,C10H20O4,0.9999999999999999,NA,NA,NA,NA
902125.9733333334,634280.353,4073,12719,227.1279139068226,7.653703,Organoheterocyclic compounds,superclass,0.6666666666666666,In silico,C12H18O4,0.9999999999999999,NA,NA,NA,NA
902125.9733333334,634280.353,4075,12719,227.12791786728272,7.253829,Organoheterocyclic compounds,superclass,0.6666666666666666,In silico,C12H18O4,0.9999999999999999,NA,NA,NA,NA
3102744.35,103268.4992,4086,7966,227.1464654127117,8.903445,Lipids and lipid-like molecules;Prenol lipids,class,1,In silico,C13H22OS,0.9999999999999999,NA,NA,NA,NA
3102744.35,103268.4992,4088,7966,227.14647797564055,9.074328,Lipids and lipid-like molecules;Prenol lipids,class,1,In silico,C13H22OS,0.9999999999999999,NA,NA,NA,NA
3102744.35,103268.4992,4089,7966,227.14650806862298,9.243104,Lipids and lipid-like molecules;Prenol lipids,class,1,In silico,C13H22OS,0.9999999999999999,NA,NA,NA,NA
128426.09666666666,48425.07399999999,4160,2582,228.1596030786879,7.0241423,"Organic acids and derivatives;Carboxylic acids and derivatives;Amino acids, peptides, and analogues",subclass,1,In silico,C12H21NO3,0.9999999999999999,NA,NA,NA,NA
925717.7416666667,273541.60835,4228,5096,229.10486992313602,2.9827833,Organic acids and derivatives,superclass,0.8,In silico,C11H16O5,0.9999999999999999,NA,NA,NA,NA
652385.2866666666,160580.23,4268,3695,229.1412746058596,5.94097,"Organic acids and derivatives;Carboxylic acids and derivatives;Amino acids, peptides, and analogues",subclass,1,Library,C10H22O4,0.9999999999999999,L-Prolyl-L-isoleucine,qTof,CC[C@H](C)[C@@H](C(=O)O)NC(=O)[C@@H]1CCCN1,NA
3187113.220333333,1343965.9205,4618,583,233.1172520064734,6.9176326,Lipids and lipid-like molecules,superclass,0.8,In silico,C14H16O3,0.9999999999999999,NA,NA,NA,NA
3187113.220333333,1343965.9205,4637,583,233.11740294265783,6.9721255,Lipids and lipid-like molecules,superclass,0.8,In silico,C14H20O5,0.9999999999999999,NA,NA,NA,NA
3187113.220333333,1343965.9205,4638,583,233.11740426693817,7.128629,Lipids and lipid-like molecules,superclass,0.8,In silico,C14H16O3,0.9999999999999999,NA,NA,NA,NA
367894.24666666664,137129.7255,4639,1084,233.1174286299194,10.015349,Unknown,NA,NA,In silico,C14H16O3,0.9999999999999999,NA,NA,NA,NA
3187113.220333333,1343965.9205,4666,583,233.15376397872907,6.951179,Lipids and lipid-like molecules,superclass,0.8,In silico,C15H22O3,0.9999999999999999,NA,NA,NA,NA
367894.24666666664,137129.7255,4675,1084,233.15380045774228,10.280086,Unknown,NA,NA,In silico,C15H20O2,0.9999999999999999,NA,NA,NA,NA
3187113.220333333,1343965.9205,4680,583,233.17488285366085,6.9535236,Lipids and lipid-like molecules,superclass,0.8,In silico,C12H24O4,0.9999999999999999,NA,NA,NA,NA
3187113.220333333,1343965.9205,4681,583,233.17489223845575,6.8184676,Lipids and lipid-like molecules,superclass,0.8,In silico,C12H24O4,0.9999999999999999,NA,NA,NA,NA
461975.817,221906.027,4809,8085,235.13242731912177,7.1851606,Organoheterocyclic compounds;Heteroaromatic compounds,class,1,In silico,C14H18O3,0.9999999999999999,NA,NA,NA,NA
461975.817,221906.027,4811,8085,235.13287859952368,7.120415,Organoheterocyclic compounds;Heteroaromatic compounds,class,1,In silico,C14H18O3,0.9999999999999999,NA,NA,NA,NA
157533.22366666666,96961.25,5035,9321,237.14865125379967,9.567651,Lipids and lipid-like molecules;Prenol lipids,class,1,In silico,NA,NA,NA,NA,NA,NA
157533.22366666666,96961.25,5049,9321,237.14870674581672,9.939623,Lipids and lipid-like molecules;Prenol lipids,class,1,In silico,C14H20O3,0.9999999999999999,NA,NA,NA,NA
2508869.296,1093515.37,5070,3317,237.1850122833387,9.492808,Lipids and lipid-like molecules;Prenol lipids;Monoterpenoids,subclass,1,Library,C15H24O2,0.9999999999999999,"Massbank:AC000103 5-hydroxyculmorin|(1S,3R,3aS,4R,6R,8aR,9R)-Decahydro-1,5,5,8a-tetramethyl-1,4-methanoazulene-3,6,9-triol",Hybrid FT,C[C@@]12CC[C@H](C([C@H]3[C@@H]1[C@@H](C[C@@]2(C3O)C)O)(C)C)O,"1S/C15H26O3/c1-13(2)9(17)5-6-14(3)10-8(16)7-15(14,4)12(18)11(10)13/h8-12,16-18H,5-7H2,1-4H3/t8-,9-,10+,11+,12?,14-,15-/m1/s1"
2508869.296,1093515.37,5075,3317,237.18505075291975,9.661581,Lipids and lipid-like molecules;Prenol lipids;Monoterpenoids,subclass,1,Library,C15H24O2,0.9999999999999999,"Massbank:AC000103 5-hydroxyculmorin|(1S,3R,3aS,4R,6R,8aR,9R)-Decahydro-1,5,5,8a-tetramethyl-1,4-methanoazulene-3,6,9-triol",Hybrid FT,C[C@@]12CC[C@H](C([C@H]3[C@@H]1[C@@H](C[C@@]2(C3O)C)O)(C)C)O,"1S/C15H26O3/c1-13(2)9(17)5-6-14(3)10-8(16)7-15(14,4)12(18)11(10)13/h8-12,16-18H,5-7H2,1-4H3/t8-,9-,10+,11+,12?,14-,15-/m1/s1"
2508869.296,1093515.37,5079,3317,237.18508309818907,10.053095,Lipids and lipid-like molecules;Prenol lipids;Monoterpenoids,subclass,1,Library,C15H24O2,0.9999999999999999,"Massbank:AC000102 5-hydroxyculmorin|(1S,3R,3aS,4R,6R,8aR,9R)-Decahydro-1,5,5,8a-tetramethyl-1,4-methanoazulene-3,6,9-triol",Hybrid FT,C[C@@]12CC[C@H](C([C@H]3[C@@H]1[C@@H](C[C@@]2(C3O)C)O)(C)C)O,"1S/C15H26O3/c1-13(2)9(17)5-6-14(3)10-8(16)7-15(14,4)12(18)11(10)13/h8-12,16-18H,5-7H2,1-4H3/t8-,9-,10+,11+,12?,14-,15-/m1/s1"
2508869.296,1093515.37,5080,3317,237.1850842810825,9.929531,Lipids and lipid-like molecules;Prenol lipids;Monoterpenoids,subclass,1,Library,C15H26O3,0.9999999999999999,"Massbank:AC000102 5-hydroxyculmorin|(1S,3R,3aS,4R,6R,8aR,9R)-Decahydro-1,5,5,8a-tetramethyl-1,4-methanoazulene-3,6,9-triol",Hybrid FT,C[C@@]12CC[C@H](C([C@H]3[C@@H]1[C@@H](C[C@@]2(C3O)C)O)(C)C)O,"1S/C15H26O3/c1-13(2)9(17)5-6-14(3)10-8(16)7-15(14,4)12(18)11(10)13/h8-12,16-18H,5-7H2,1-4H3/t8-,9-,10+,11+,12?,14-,15-/m1/s1"
2508869.296,1093515.37,5081,3317,237.18508764035033,9.840093,Lipids and lipid-like molecules;Prenol lipids;Monoterpenoids,subclass,1,Library,C15H26O3,0.9999999999999999,"Massbank:AC000103 5-hydroxyculmorin|(1S,3R,3aS,4R,6R,8aR,9R)-Decahydro-1,5,5,8a-tetramethyl-1,4-methanoazulene-3,6,9-triol",Hybrid FT,C[C@@]12CC[C@H](C([C@H]3[C@@H]1[C@@H](C[C@@]2(C3O)C)O)(C)C)O,"1S/C15H26O3/c1-13(2)9(17)5-6-14(3)10-8(16)7-15(14,4)12(18)11(10)13/h8-12,16-18H,5-7H2,1-4H3/t8-,9-,10+,11+,12?,14-,15-/m1/s1"
660110.212,309773.8325,5239,954,239.20065659718088,10.766555,Lipids and lipid-like molecules;Prenol lipids;Monoterpenoids,subclass,1,Library,C15H26O2,0.9999999999999999,Massbank:AC000098 Culmorin,Hybrid FT,C[C@@]12CCCC([C@H]3[C@@H]1[C@@H](C[C@@]2(C3O)C)O)(C)C,"1S/C15H26O2/c1-13(2)6-5-7-14(3)10-9(16)8-15(14,4)12(17)11(10)13/h9-12,16-17H,5-8H2,1-4H3/t9-,10+,11+,12?,14-,15-/m1/s1"
660110.212,309773.8325,5242,954,239.2006983906259,10.606101,Lipids and lipid-like molecules;Prenol lipids;Monoterpenoids,subclass,1,Library,C15H26O2,0.9999999999999999,Massbank:AC000098 Culmorin,Hybrid FT,C[C@@]12CCCC([C@H]3[C@@H]1[C@@H](C[C@@]2(C3O)C)O)(C)C,"1S/C15H26O2/c1-13(2)6-5-7-14(3)10-9(16)8-15(14,4)12(17)11(10)13/h9-12,16-17H,5-8H2,1-4H3/t9-,10+,11+,12?,14-,15-/m1/s1"
660110.212,309773.8325,5243,954,239.20070997750932,10.529141,Lipids and lipid-like molecules;Prenol lipids;Monoterpenoids,subclass,1,Library,C15H26O2,0.9999999999999999,Massbank:AC000098 Culmorin,Hybrid FT,C[C@@]12CCCC([C@H]3[C@@H]1[C@@H](C[C@@]2(C3O)C)O)(C)C,"1S/C15H26O2/c1-13(2)6-5-7-14(3)10-9(16)8-15(14,4)12(17)11(10)13/h9-12,16-17H,5-8H2,1-4H3/t9-,10+,11+,12?,14-,15-/m1/s1"
2785210.223333333,128199.8915,5389,261,241.16220879588644,9.905108,Lipids and lipid-like molecules;Prenol lipids,class,1,In silico,C14H24OS,0.9999999999999999,NA,NA,NA,NA
2785210.223333333,128199.8915,5391,261,241.1622187088601,10.096175,Lipids and lipid-like molecules;Prenol lipids,class,1,In silico,C14H24OS,0.9999999999999999,NA,NA,NA,NA
2785210.223333333,128199.8915,5399,261,241.17990479614113,9.904561,Lipids and lipid-like molecules;Prenol lipids,class,1,In silico,NA,NA,NA,NA,NA,NA
313469.14466666663,169304.1855,6009,10874,247.16939076144953,8.926414,Lipids and lipid-like molecules,superclass,1,In silico,NA,NA,NA,NA,NA,NA
313469.14466666663,169304.1855,6013,10874,247.16940310427384,9.128485,Lipids and lipid-like molecules,superclass,1,In silico,C16H22O2,0.9999999999999999,NA,NA,NA,NA
313469.14466666663,169304.1855,6015,10874,247.16941911191648,9.249295,Lipids and lipid-like molecules,superclass,1,In silico,C16H22O2,0.9999999999999999,NA,NA,NA,NA
313469.14466666663,169304.1855,6017,10874,247.16942418538088,9.30803,Lipids and lipid-like molecules,superclass,1,In silico,C16H22O2,0.9999999999999999,NA,NA,NA,NA
3187113.220333333,1343965.9205,6306,583,250.20139275135338,6.9587693,Lipids and lipid-like molecules,superclass,0.8,In silico,C12H24O4,0.9999999999999999,NA,NA,NA,NA
168256.69900000002,28530.629,6349,2741,251.12547690496743,4.1625032,Lipids and lipid-like molecules,superclass,1,In silico,C12H20O4,0.9999999999999999,NA,NA,NA,NA
168256.69900000002,28530.629,6351,2741,251.1261017530397,4.054628,Lipids and lipid-like molecules,superclass,1,In silico,C12H20O4,0.9999999999999999,NA,NA,NA,NA
29435518.911666665,15163574.9135,6380,259,251.1280122116588,10.07246,Benzenoids;Benzene and substituted derivatives;Benzoic acids and derivatives,subclass,1,Library,NA,NA,"Massbank:RP019702 Dipropylphthalate|Dipropyl phthalate|dipropyl benzene-1,2-dicarboxylate",qTof,CCCOC(=O)c1ccccc1C(=O)OCCC,"1S/C14H18O4/c1-3-9-17-13(15)11-7-5-6-8-12(11)14(16)18-10-4-2/h5-8H,3-4,9-10H2,1-2H3"
342394.3433333333,138736.7695,6409,1752,251.16427498124384,9.002123,Lipids and lipid-like molecules;Prenol lipids;Sesquiterpenoids,subclass,1,In silico,C15H22O3,0.9999999999999999,NA,NA,NA,NA
1132685.14,596404.15,6412,6580,251.16430529862154,10.770559,Lipids and lipid-like molecules;Prenol lipids;Sesquiterpenoids,subclass,1,In silico,C15H22O3,0.9999999999999999,NA,NA,NA,NA
342394.3433333333,138736.7695,6413,1752,251.16430592816127,9.176454,Lipids and lipid-like molecules;Prenol lipids;Sesquiterpenoids,subclass,1,In silico,C15H22O3,0.9999999999999999,NA,NA,NA,NA
1132685.14,596404.15,6418,6580,251.1643222883489,10.612612,Lipids and lipid-like molecules;Prenol lipids;Sesquiterpenoids,subclass,1,In silico,C15H22O3,0.9999999999999999,NA,NA,NA,NA
464701.1666666666,194942.77000000002,6422,590,251.1643413617291,9.640509,Lipids and lipid-like molecules;Prenol lipids;Sesquiterpenoids,subclass,1,In silico,C15H22O3,0.9999999999999999,NA,NA,NA,NA
464701.1666666666,194942.77000000002,6427,590,251.1643694216997,9.821346,Lipids and lipid-like molecules;Prenol lipids;Sesquiterpenoids,subclass,1,In silico,C15H22O3,0.9999999999999999,NA,NA,NA,NA
430140.9843333333,198066.24599999998,6445,141,251.20067070012908,10.841916,Lipids and lipid-like molecules,superclass,1,In silico,C16H26O2,0.9999999999999999,(3aR)-(+)-Sclareolide,Orbitrap,CC1(C)CCCC2(C)C1CCC1(C)OC(=O)CC12,"InChI=1S/C16H26O2/c1-14(2)7-5-8-15(3)11(14)6-9-16(4)12(15)10-13(17)18-16/h11-12H,5-10H2,1-4H3/t11?,12?,15-,16?/m0/s1"
430140.9843333333,198066.24599999998,6448,141,251.20068170481537,10.659012,Lipids and lipid-like molecules,superclass,1,In silico,C16H26O2,0.9999999999999999,(3aR)-(+)-Sclareolide,Orbitrap,CC1(C)CCCC2(C)C1CCC1(C)OC(=O)CC12,"InChI=1S/C16H26O2/c1-14(2)7-5-8-15(3)11(14)6-9-16(4)12(15)10-13(17)18-16/h11-12H,5-10H2,1-4H3/t11?,12?,15-,16?/m0/s1"
1246118.896,658975.232,6628,3022,253.17995250750405,10.889567,Lipids and lipid-like molecules;Prenol lipids;Sesquiterpenoids,subclass,1,Library,C15H24O3,0.9999999999999999,"Massbank:AC000282 Walleminone|(1R,4S,5S,6R,9R)-5,6-dihydroxy-4,11,11-trimethyl-8-methylidenebicyclo[7.2.0]undecan-3-one",Hybrid FT,C[C@H]1[C@@H]([C@@H](CC(=C)[C@@H]2CC([C@@H]2CC1=O)(C)C)O)O,"1S/C15H24O3/c1-8-5-13(17)14(18)9(2)12(16)6-11-10(8)7-15(11,3)4/h9-11,13-14,17-18H,1,5-7H2,2-4H3/t9-,10+,11-,13-,14+/m1/s1"
2390481.27,1201031.136,6642,2957,253.18000906897808,10.304358,Lipids and lipid-like molecules;Prenol lipids;Sesquiterpenoids,subclass,1,Library,C15H24O3,0.9999999999999999,"Massbank:AC000280 Walleminone|(1R,4S,5S,6R,9R)-5,6-dihydroxy-4,11,11-trimethyl-8-methylidenebicyclo[7.2.0]undecan-3-one",Hybrid FT,C[C@H]1[C@@H]([C@@H](CC(=C)[C@@H]2CC([C@@H]2CC1=O)(C)C)O)O,"1S/C15H24O3/c1-8-5-13(17)14(18)9(2)12(16)6-11-10(8)7-15(11,3)4/h9-11,13-14,17-18H,1,5-7H2,2-4H3/t9-,10+,11-,13-,14+/m1/s1"
124149.52799999999,58582.185,7029,6051,257.1285660220327,8.014707,Benzenoids;Benzene and substituted derivatives,class,1,In silico,C15H16N2O2,0.9999999999999999,NA,NA,NA,NA
750023.4673333333,351209.378,7869,988,264.1958767119218,5.3644366,Benzenoids,superclass,0.5714285714285714,Library,C16H25NO2,0.9999999999999999,"Massbank:EA256709 Tramadol|(1R,2R)-2-(dimethylaminomethyl)-1-(3-methoxyphenyl)-1-cyclohexanol",LC-ESI-ITFT,COC1=CC=CC(=C1)[C@@]2(O)CCCC[C@@H]2CN(C)C,"1S/C16H25NO2/c1-17(2)12-14-7-4-5-10-16(14,18)13-8-6-9-15(11-13)19-3/h6,8-9,11,14,18H,4-5,7,10,12H2,1-3H3/t14-,16+/m1/s1"
750023.4673333333,351209.378,7871,988,264.19588446660435,4.5134997,Benzenoids,superclass,0.5714285714285714,Library,C16H25NO2,0.9999999999999999,MassbankEU:ET190105 VEN_264.1959_10.8|O-Desmethylvenlafaxine|4-[2-(dimethylamino)-1-(1-hydroxycyclohexyl)ethyl]phenol,LC-ESI-QFT,CN(C)CC(C1=CC=C(O)C=C1)C1(O)CCCCC1,"1S/C16H25NO2/c1-17(2)12-15(13-6-8-14(18)9-7-13)16(19)10-4-3-5-11-16/h6-9,15,18-19H,3-5,10-12H2,1-2H3"
750023.4673333333,351209.378,7872,988,264.19589045876126,4.759329,Benzenoids,superclass,0.5714285714285714,Library,C16H22O2,0.9999999999999999,MassbankEU:ET190105 VEN_264.1959_10.8|O-Desmethylvenlafaxine|4-[2-(dimethylamino)-1-(1-hydroxycyclohexyl)ethyl]phenol,LC-ESI-QFT,CN(C)CC(C1=CC=C(O)C=C1)C1(O)CCCCC1,"1S/C16H25NO2/c1-17(2)12-15(13-6-8-14(18)9-7-13)16(19)10-4-3-5-11-16/h6-9,15,18-19H,3-5,10-12H2,1-2H3"
750023.4673333333,351209.378,7874,988,264.1958976466308,4.9679155,Benzenoids,superclass,0.5714285714285714,Library,C16H25NO2,0.9999999999999999,MassbankEU:ET190105 VEN_264.1959_10.8|O-Desmethylvenlafaxine|4-[2-(dimethylamino)-1-(1-hydroxycyclohexyl)ethyl]phenol,LC-ESI-QFT,CN(C)CC(C1=CC=C(O)C=C1)C1(O)CCCCC1,"1S/C16H25NO2/c1-17(2)12-15(13-6-8-14(18)9-7-13)16(19)10-4-3-5-11-16/h6-9,15,18-19H,3-5,10-12H2,1-2H3"
440260.0333333333,116841.7405,8011,6483,265.1799619725063,10.934845,Lipids and lipid-like molecules;Prenol lipids;Sesquiterpenoids,subclass,1,In silico,C16H24O3,0.9999999999999999,NA,NA,NA,NA
440260.0333333333,116841.7405,8012,6483,265.17996303142974,10.8234215,Lipids and lipid-like molecules;Prenol lipids;Sesquiterpenoids,subclass,1,In silico,C16H24O3,0.9999999999999999,NA,NA,NA,NA
395247.5453333333,141985.065,8466,896,269.17479629380875,8.379486,Lipids and lipid-like molecules;Prenol lipids;Monoterpenoids,subclass,1,Library,C15H24O4,0.9999999999999999,3-[4-methyl-1-(2-methylpropanoyl)-3-oxocyclohexyl]butanoic acid,ESI-QFT,N/A,"InChI=1S/C15H24O4/c1-9(2)14(19)15(11(4)7-13(17)18)6-5-10(3)12(16)8-15/h9-11H,5-8H2,1-4H3,(H,17,18)"
1024775.8756666667,490811.6745,8790,126,271.1906330868454,10.148498,Lipids and lipid-like molecules,superclass,0.5454545454545454,In silico,C15H26O4,0.9999999999999999,NA,NA,NA,NA
45206117.888,1766721.922895,8805,409,271.20577809300516,10.989069,Lipids and lipid-like molecules;Steroids and steroid derivatives;Androstane steroids,subclass,1,Library,C19H26O,0.9999999999999999,Dehydroepiandrosterone,Orbitrap,CC12CCC3C(CC=C4CC(O)CCC43C)C1CCC2=O,"InChI=1S/C19H28O2/c1-18-9-7-13(20)11-12(18)3-4-14-15-5-6-17(21)19(15,2)10-8-16(14)18/h3,13-16,20H,4-11H2,1-2H3/t13-,14-,15-,16-,18-,19-/m0/s1"
78874.916,36502.631,8917,5185,272.22226595247724,9.811713,Lipids and lipid-like molecules;Prenol lipids;Sesquiterpenoids,subclass,1,In silico,C15H26O3,0.9999999999999999,NA,NA,NA,NA
66227.18866666667,2513.8773499999998,9169,1109,274.20135579291235,5.9594936,Organoheterocyclic compounds;Piperidines,class,1,In silico,C14H27NO4,0.9999999999999999,NA,NA,NA,NA
1498897.9323333334,480521.4715,9519,5333,277.14366348391843,9.592611,Organic oxygen compounds;Organooxygen compounds,class,0.8333333333333334,In silico,C16H20O4,0.9999999999999999,NA,NA,NA,NA
1498897.9323333334,480521.4715,9528,5333,277.1437187858455,9.728727,Organic oxygen compounds;Organooxygen compounds,class,0.8333333333333334,In silico,NA,NA,NA,NA,NA,NA
1498897.9323333334,480521.4715,9531,5333,277.1437264682084,9.874518,Organic oxygen compounds;Organooxygen compounds,class,0.8333333333333334,In silico,C16H20O4,0.9999999999999999,NA,NA,NA,NA
1498897.9323333334,480521.4715,9532,5333,277.1437291967773,9.926406,Organic oxygen compounds;Organooxygen compounds,class,0.8333333333333334,In silico,C16H22O5,0.9999999999999999,NA,NA,NA,NA
1498897.9323333334,480521.4715,9533,5333,277.1437382197688,10.118503,Organic oxygen compounds;Organooxygen compounds,class,0.8333333333333334,In silico,C16H20O4,0.9999999999999999,NA,NA,NA,NA
1498897.9323333334,480521.4715,9583,5333,277.1801070228169,10.083828,Organic oxygen compounds;Organooxygen compounds,class,0.8333333333333334,In silico,C17H24O3,0.9999999999999999,NA,NA,NA,NA
29435518.911666665,15163574.9135,9792,259,279.1591870668185,11.145077,Benzenoids;Benzene and substituted derivatives;Benzoic acids and derivatives,subclass,1,Library,C16H22O4,0.9999999999999999,Spectral Match to Dibutyl phthalate from NIST14,QQQ,CCCCOC(=O)C1=CC=CC=C1C(=O)OCCCC,"InChI=1S/C16H22O4/c1-3-5-11-19-15(17)13-9-7-8-10-14(13)16(18)20-12-6-4-2/h7-10H,3-6,11-12H2,1-2H3"
29435518.911666665,15163574.9135,9799,259,279.15928448789737,10.712716,Benzenoids;Benzene and substituted derivatives;Benzoic acids and derivatives,subclass,1,Library,C16H22O4,0.9999999999999999,MoNA:936691 DBP,LC-ESI-QFT,N/A,"InChI=1S/C16H22O4/c1-3-5-11-19-15(17)13-9-7-8-10-14(13)16(18)20-12-6-4-2/h7-10H,3-6,11-12H2,1-2H3"
221995.89333333334,50423.085,9802,847,279.15931536792107,8.150111,Lipids and lipid-like molecules;Prenol lipids;Sesquiterpenoids,subclass,1,In silico,C16H22O4,0.9999999999999999,NA,NA,NA,NA
732433.078,231328.46300000002,10148,2059,281.21124731561883,10.993856,Lipids and lipid-like molecules;Fatty Acyls;Lineolic acids and derivatives,subclass,1,In silico,C17H28O3,0.9999999999999999,NA,NA,NA,NA
732433.078,231328.46300000002,10151,2059,281.2112867395587,10.843016,Lipids and lipid-like molecules;Fatty Acyls;Lineolic acids and derivatives,subclass,1,In silico,C17H28O3,0.9999999999999999,NA,NA,NA,NA
624998.711,86146.9335,10580,1801,284.96133484458375,7.9953976,Organic acids and derivatives;Organic phosphoric acids and derivatives;Phosphate esters,subclass,1,Library,C5H7N2O6P3,0.7532663316582915,MassbankEU:SM825201 Tris(2-chloroethyl)phosphate|Tris(2-chloroethyl) phosphate,LC-ESI-QFT,ClCCOP(=O)(OCCCl)OCCCl,"1S/C6H12Cl3O4P/c7-1-4-11-14(10,12-5-2-8)13-6-3-9/h1-6H2"
1024775.8756666667,490811.6745,10677,126,285.18507704111613,10.799493,Lipids and lipid-like molecules,superclass,0.5454545454545454,In silico,C17H26O2,0.9999999999999999,NA,NA,NA,NA
1024775.8756666667,490811.6745,10694,126,285.20600070646145,10.886381,Lipids and lipid-like molecules,superclass,0.5454545454545454,In silico,C16H28O4,0.9999999999999999,NA,NA,NA,NA
111621.8,11291.878,11354,5589,290.24806166219963,7.911484,Lipids and lipid-like molecules,superclass,1,In silico,C19H31NO,0.963316582914573,NA,NA,NA,NA
9982764.918666666,5893575.991,11481,1876,291.19550740280533,11.259443,Phenylpropanoids and polyketides;Cinnamic acids and derivatives;Cinnamic acid esters,subclass,1,Library,C18H26O3,0.9999999999999999,Octinoxate,Orbitrap,CCCCC(CC)COC(=O)C=Cc1ccc(OC)cc1,NA
9982764.918666666,5893575.991,11482,1876,291.19551603326045,11.3688545,Phenylpropanoids and polyketides;Cinnamic acids and derivatives;Cinnamic acid esters,subclass,1,Library,NA,NA,Octinoxate,Orbitrap,CCCCC(CC)COC(=O)C=Cc1ccc(OC)cc1,NA
9982764.918666666,5893575.991,11483,1876,291.1955327214308,11.09446,Phenylpropanoids and polyketides;Cinnamic acids and derivatives;Cinnamic acid esters,subclass,1,Library,C18H26O3,0.9999999999999999,Octinoxate,Orbitrap,CCCCC(CC)COC(=O)C=Cc1ccc(OC)cc1,NA
9982764.918666666,5893575.991,11486,1876,291.19557549784537,10.696545,Phenylpropanoids and polyketides;Cinnamic acids and derivatives;Cinnamic acid esters,subclass,1,Library,C18H26O3,0.9999999999999999,Octinoxate,Orbitrap,CCCCC(CC)COC(=O)C=Cc1ccc(OC)cc1,NA
9982764.918666666,5893575.991,11488,1876,291.1955892848235,10.834262,Phenylpropanoids and polyketides;Cinnamic acids and derivatives;Cinnamic acid esters,subclass,1,Library,C18H26O3,0.9999999999999999,Octinoxate,Orbitrap,CCCCC(CC)COC(=O)C=Cc1ccc(OC)cc1,NA
9982764.918666666,5893575.991,11499,1876,291.19565883766984,10.513369,Phenylpropanoids and polyketides;Cinnamic acids and derivatives;Cinnamic acid esters,subclass,1,Library,C18H32O6,0.9999999999999999,Octinoxate,Orbitrap,CCCCC(CC)COC(=O)C=Cc1ccc(OC)cc1,NA
9982764.918666666,5893575.991,11506,1876,291.195754123601,10.322075,Phenylpropanoids and polyketides;Cinnamic acids and derivatives;Cinnamic acid esters,subclass,1,Library,C18H26O3,0.9999999999999999,Octinoxate,Orbitrap,CCCCC(CC)COC(=O)C=Cc1ccc(OC)cc1,NA
3187113.220333333,1343965.9205,11510,583,291.21681144124335,8.080607,Lipids and lipid-like molecules,superclass,0.8,In silico,C15H30O5,0.9999999999999999,NA,NA,NA,NA
3055146.23,896918.725,11522,5159,291.2530905166085,10.744856,Organic oxygen compounds,superclass,0.6666666666666666,In silico,NA,NA,NA,NA,NA,NA
3055146.23,896918.725,11523,5159,291.25308621045525,10.924739,Organic oxygen compounds,superclass,0.6666666666666666,In silico,C16H34O4,0.9999999999999999,NA,NA,NA,NA
1498897.9323333334,480521.4715,12008,5333,295.1541690678738,9.765606,Organic oxygen compounds;Organooxygen compounds,class,0.8333333333333334,In silico,C16H22O5,0.9999999999999999,NA,NA,NA,NA
1024775.8756666667,490811.6745,12696,126,299.2210807905834,10.646341,Lipids and lipid-like molecules,superclass,0.5454545454545454,In silico,C15H32O4,0.9999999999999999,NA,NA,NA,NA
1792034.5623333333,542320.125,12999,444,301.2162821756184,11.427027,Lipids and lipid-like molecules,superclass,0.7777777777777778,In silico,C20H28O2,0.9999999999999999,"Spectral Match to (.+/-.)-9-Hydroxy-5Z,7E,11Z,14Z,17Z-eicosapentaenoic acid from NIST14",HCD,N/A,N/A
1792034.5623333333,542320.125,13001,444,301.2162997615673,11.550681,Lipids and lipid-like molecules,superclass,0.7777777777777778,In silico,C20H28O2,0.9999999999999999,"Spectral Match to (.+/-.)-9-Hydroxy-5Z,7E,11Z,14Z,17Z-eicosapentaenoic acid from NIST14",HCD,N/A,N/A
311401.62666666665,0,13044,6479,301.2561432696121,11.729598,Organosulfur compounds;Sulfoxides,class,1,In silico,C18H36OS,0.9999999999999999,NA,NA,NA,NA
524330.1233333333,120059.812,13543,10809,305.1743024880502,9.951275,Organic oxygen compounds;Organooxygen compounds;Alcohols and polyols,subclass,1,Library,C18H24O4,0.9999999999999999,"NCGC00380617-01_C16H26O4_1-Oxaspiro[2.5]octan-6-ol, 5-methoxy-4-[(2R,3R)-2-methyl-3-(3-methyl-2-buten-1-yl)oxiranyl]-, (3R,4S,5S,6R)-",Maxis II HD Q-TOF Bruker,CO[C@@H]1[C@H](O)CCC2(CO2)[C@H]1[C@@]3(C)O[C@@H]3CC=C(C)C,"InChI=1S/C16H26O4/c1-10(2)5-6-12-15(3,20-12)14-13(18-4)11(17)7-8-16(14)9-19-16/h5,11-14,17H,6-9H2,1-4H3/t11-,12-,13-,14-,15+,16?/m1/s1"
524330.1233333333,120059.812,13544,10809,305.1746702038695,9.825866,Organic oxygen compounds;Organooxygen compounds;Alcohols and polyols,subclass,1,Library,C18H24O4,0.9999999999999999,"NCGC00380617-01_C16H26O4_1-Oxaspiro[2.5]octan-6-ol, 5-methoxy-4-[(2R,3R)-2-methyl-3-(3-methyl-2-buten-1-yl)oxiranyl]-, (3R,4S,5S,6R)-",Maxis II HD Q-TOF Bruker,CO[C@@H]1[C@H](O)CCC2(CO2)[C@H]1[C@@]3(C)O[C@@H]3CC=C(C)C,"InChI=1S/C16H26O4/c1-10(2)5-6-12-15(3,20-12)14-13(18-4)11(17)7-8-16(14)9-19-16/h5,11-14,17H,6-9H2,1-4H3/t11-,12-,13-,14-,15+,16?/m1/s1"
3055146.23,896918.725,13637,5159,305.26870363758513,11.217818,Organic oxygen compounds,superclass,0.6666666666666666,In silico,C17H36O4,0.9999999999999999,NA,NA,NA,NA
3055146.23,896918.725,13639,5159,305.26875587631844,11.016617,Organic oxygen compounds,superclass,0.6666666666666666,In silico,C17H36O4,0.9999999999999999,NA,NA,NA,NA
119618.24833333334,55284.9115,13919,6077,307.2632478144703,11.495945,Lipids and lipid-like molecules;Fatty Acyls;Eicosanoids,subclass,1,Library,C20H34O2,0.9999999999999999,Spectral Match to 15-HEDE from NIST14,qTof,CCCCCC(/C=C/C=C\CCCCCCCCCC(=O)O)O,"InChI=1S/C20H36O3/c1-2-3-13-16-19(21)17-14-11-9-7-5-4-6-8-10-12-15-18-20(22)23/h9,11,14,17,19,21H,2-8,10,12-13,15-16,18H2,1H3,(H,22,23)/b11-9-,17-14+"
3187113.220333333,1343965.9205,14013,583,308.24330672665474,8.088695,Lipids and lipid-like molecules,superclass,0.8,In silico,C15H30O5,0.9999999999999999,NA,NA,NA,NA
858733.8389999999,527173.844,14506,1572,311.22182550574973,10.871659,Lipids and lipid-like molecules;Prenol lipids;Sesquiterpenoids,subclass,1,Library,NA,NA,"(E)-4-[(1R,2S,3S,4R,8aS)-2,3,4-trihydroxy-2,5,5,8a-tetramethyl-3,4,4a,6,7,8-hexahydro-1H-naphthalen-1-yl]but-3-en-2-one",ESI-QFT,N/A,"InChI=1S/C18H30O4/c1-11(19)7-8-12-17(4)10-6-9-16(2,3)14(17)13(20)15(21)18(12,5)22/h7-8,12-15,20-22H,6,9-10H2,1-5H3/b8-7+/t12-,13-,14?,15+,17-,18+/m1/s1"
858733.8389999999,527173.844,14509,1572,311.22186748197475,10.696907,Lipids and lipid-like molecules;Prenol lipids;Sesquiterpenoids,subclass,1,Library,NA,NA,"(E)-4-[(1R,2S,3S,4R,8aS)-2,3,4-trihydroxy-2,5,5,8a-tetramethyl-3,4,4a,6,7,8-hexahydro-1H-naphthalen-1-yl]but-3-en-2-one",ESI-QFT,N/A,"InChI=1S/C18H30O4/c1-11(19)7-8-12-17(4)10-6-9-16(2,3)14(17)13(20)15(21)18(12,5)22/h7-8,12-15,20-22H,6,9-10H2,1-5H3/b8-7+/t12-,13-,14?,15+,17-,18+/m1/s1"
531845.432,83951.0918,14822,5704,313.2161316218435,11.313113,Lipids and lipid-like molecules;Steroids and steroid derivatives;Pregnane steroids,subclass,1,Library,NA,NA,"MassbankEU:SM874701 Dydrogesterone|(8S,9R,10S,13S,14S,17S)-17-acetyl-10,13-dimethyl-1,2,8,9,11,12,14,15,16,17-decahydrocyclopenta[a]phenanthren-3-one",LC-ESI-QFT,CC(=O)[C@H]1CC[C@H]2[C@@H]3C=CC4=CC(=O)CC[C@@]4(C)[C@@H]3CC[C@]12C,"1S/C21H28O2/c1-13(22)17-6-7-18-16-5-4-14-12-15(23)8-10-20(14,2)19(16)9-11-21(17,18)3/h4-5,12,16-19H,6-11H2,1-3H3/t16-,17+,18-,19+,20+,21+/m0/s1"
3421452.487333333,2052263.1905,15339,1293,317.0537382609704,10.947659,Benzenoids,superclass,0.625,In silico,C15H19OPS,0.9999999999999999,NA,NA,NA,NA
139479.912,76847.4935,15472,6142,317.2110972978238,8.541678,Lipids and lipid-like molecules;Prenol lipids;Diterpenoids,subclass,1,In silico,NA,NA,NA,NA,NA,NA
139479.912,76847.4935,15473,6142,317.2111480557276,8.637218,Lipids and lipid-like molecules;Prenol lipids;Diterpenoids,subclass,1,In silico,C20H28O3,0.9999999999999999,NA,NA,NA,NA
3421452.487333333,2052263.1905,15643,1293,319.0516615658376,10.972695,Benzenoids,superclass,0.625,In silico,C14H17O4P,0.7738693467336684,NA,NA,NA,NA
1792034.5623333333,542320.125,15800,444,319.22676217588975,11.378314,Lipids and lipid-like molecules,superclass,0.7777777777777778,In silico,C20H30O3,0.9999999999999999,NA,NA,NA,NA
1792034.5623333333,542320.125,15808,444,319.22691953599474,11.454361,Lipids and lipid-like molecules,superclass,0.7777777777777778,In silico,C20H30O3,0.9999999999999999,NA,NA,NA,NA
1792034.5623333333,542320.125,15812,444,319.22697098877995,11.583546,Lipids and lipid-like molecules,superclass,0.7777777777777778,In silico,C20H30O3,0.9999999999999999,NA,NA,NA,NA
146224.911,52252.239,16314,4999,323.14860264148587,9.9565,Benzenoids;Benzene and substituted derivatives;Benzyl alcohols,subclass,1,Library,C15H24O6,0.9999999999999999,"1-[4,5-bis(hydroxymethyl)-3-methoxy-2-methylphenoxy]-3-methylbutane-2,3-diol",ESI-QFT,N/A,"InChI=1S/C15H24O6/c1-9-12(21-8-13(18)15(2,3)19)5-10(6-16)11(7-17)14(9)20-4/h5,13,16-19H,6-8H2,1-4H3"
118013.04666666666,67904.9935,16342,5852,323.16018700899025,5.3039026,Benzenoids;Phenols;1-hydroxy-2-unsubstituted benzenoids,subclass,1,In silico,C19H24O3,0.9999999999999999,NA,NA,NA,NA
38830272.03666667,12216222.682,16933,2629,327.0083789907784,9.830492,Organic acids and derivatives;Organic phosphoric acids and derivatives;Phosphate esters,subclass,1,Library,C11H15O4P3,0.9829145728643218,0327_Tris(1-chloro-2-propyl)phosphate,Orbitrap,CC(CCl)OP(=O)(OC(C)CCl)OC(C)CCl,"""InChI=1S/C9H18Cl3O4P/c1-7(4-10)14-17(13,15-8(2)5-11)16-9(3)6-12/h7-9H,4-6H2,1-3H3"""
38830272.03666667,12216222.682,16934,2629,327.0083915294113,9.887858,Organic acids and derivatives;Organic phosphoric acids and derivatives;Phosphate esters,subclass,1,Library,C11H15O4P3,0.9778894472361811,0327_Tris(1-chloro-2-propyl)phosphate,Orbitrap,CC(CCl)OP(=O)(OC(C)CCl)OC(C)CCl,"""InChI=1S/C9H18Cl3O4P/c1-7(4-10)14-17(13,15-8(2)5-11)16-9(3)6-12/h7-9H,4-6H2,1-3H3"""
769400.15,78186.353,17638,1512,331.1904724696587,11.000693,Lipids and lipid-like molecules,superclass,1,In silico,C18H28O4,0.9999999999999999,NA,NA,NA,NA
215779.37666666668,86175.5775,17656,486,331.1906822427177,10.457623,Lipids and lipid-like molecules;Prenol lipids;Terpene lactones,subclass,1,In silico,C20H26O4,0.9999999999999999,NA,NA,NA,NA
5593336.676666667,1095209.1785,17659,3352,331.190683609268,9.810773,Lipids and lipid-like molecules;Prenol lipids;Diterpenoids,subclass,1,Library,C20H26O4,0.9999999999999999,ingenol,Orbitrap,CC1=CC23C(=O)C(C=C(CO)C(O)C2(O)C1O)C1C(CC3C)C1(C)C,"InChI=1S/C20H28O5/c1-9-7-19-10(2)5-13-14(18(13,3)4)12(17(19)24)6-11(8-21)16(23)20(19,25)15(9)22/h6-7,10,12-16,21-23,25H,5,8H2,1-4H3/t10-,12?,13-,14+,15+,16-,19?,20-/m1/s1"
5593336.676666667,1095209.1785,17660,3352,331.1906898666319,9.719346,Lipids and lipid-like molecules;Prenol lipids;Diterpenoids,subclass,1,Library,C20H26O4,0.9999999999999999,ingenol,Orbitrap,CC1=CC23C(=O)C(C=C(CO)C(O)C2(O)C1O)C1C(CC3C)C1(C)C,"InChI=1S/C20H28O5/c1-9-7-19-10(2)5-13-14(18(13,3)4)12(17(19)24)6-11(8-21)16(23)20(19,25)15(9)22/h6-7,10,12-16,21-23,25H,5,8H2,1-4H3/t10-,12?,13-,14+,15+,16-,19?,20-/m1/s1"
1421911.62,173509.777,18053,6746,333.2062284087377,10.776916,Lipids and lipid-like molecules;Prenol lipids;Diterpenoids,subclass,1,Library,C20H28O4,0.9999999999999999,"NCGC00347406-02!5-(4-carboxy-3-methylbutyl)-5,6,8a-trimethyl-3-oxo-4a,6,7,8-tetrahydro-4H-naphthalene-1-carboxylic acid [IIN-based on: CCMSLIB00000847900]",Orbitrap,CC(CCC1(C)C(C)CCC2(C)C1CC(=O)C=C2C(O)=O)CC(O)=O,"InChI=1S/C20H30O5/c1-12(9-17(22)23)5-7-19(3)13(2)6-8-20(4)15(18(24)25)10-14(21)11-16(19)20/h10,12-13,16H,5-9,11H2,1-4H3,(H,22,23)(H,24,25)"
5593336.676666667,1095209.1785,18058,3352,333.2062587526633,9.952608,Lipids and lipid-like molecules;Prenol lipids;Diterpenoids,subclass,1,Library,C20H28O4,0.9999999999999999,"NCGC00347406-02!5-(4-carboxy-3-methylbutyl)-5,6,8a-trimethyl-3-oxo-4a,6,7,8-tetrahydro-4H-naphthalene-1-carboxylic acid [IIN-based on: CCMSLIB00000847900]",Orbitrap,CC(CCC1(C)C(C)CCC2(C)C1CC(=O)C=C2C(O)=O)CC(O)=O,"InChI=1S/C20H30O5/c1-12(9-17(22)23)5-7-19(3)13(2)6-8-20(4)15(18(24)25)10-14(21)11-16(19)20/h10,12-13,16H,5-9,11H2,1-4H3,(H,22,23)(H,24,25)"
1421911.62,173509.777,18060,6746,333.2062705454103,10.594328,Lipids and lipid-like molecules;Prenol lipids;Diterpenoids,subclass,1,Library,C20H28O4,0.9999999999999999,"NCGC00347406-02!5-(4-carboxy-3-methylbutyl)-5,6,8a-trimethyl-3-oxo-4a,6,7,8-tetrahydro-4H-naphthalene-1-carboxylic acid [IIN-based on: CCMSLIB00000847900]",Orbitrap,CC(CCC1(C)C(C)CCC2(C)C1CC(=O)C=C2C(O)=O)CC(O)=O,"InChI=1S/C20H30O5/c1-12(9-17(22)23)5-7-19(3)13(2)6-8-20(4)15(18(24)25)10-14(21)11-16(19)20/h10,12-13,16H,5-9,11H2,1-4H3,(H,22,23)(H,24,25)"
5593336.676666667,1095209.1785,18069,3352,333.20631673480284,10.283255,Lipids and lipid-like molecules;Prenol lipids;Diterpenoids,subclass,1,Library,C18H30O4,0.9999999999999999,"NCGC00347406-02!5-(4-carboxy-3-methylbutyl)-5,6,8a-trimethyl-3-oxo-4a,6,7,8-tetrahydro-4H-naphthalene-1-carboxylic acid [IIN-based on: CCMSLIB00000847900]",Orbitrap,CC(CCC1(C)C(C)CCC2(C)C1CC(=O)C=C2C(O)=O)CC(O)=O,"InChI=1S/C20H30O5/c1-12(9-17(22)23)5-7-19(3)13(2)6-8-20(4)15(18(24)25)10-14(21)11-16(19)20/h10,12-13,16H,5-9,11H2,1-4H3,(H,22,23)(H,24,25)"
1792034.5623333333,542320.125,18081,444,333.24246871659756,11.365625,Lipids and lipid-like molecules,superclass,0.7777777777777778,In silico,C21H32O3,0.9999999999999999,NA,NA,NA,NA
1792034.5623333333,542320.125,18085,444,333.24249315351574,11.650514,Lipids and lipid-like molecules,superclass,0.7777777777777778,In silico,C21H32O3,0.9999999999999999,NA,NA,NA,NA
1792034.5623333333,542320.125,18087,444,333.24251878586927,11.475389,Lipids and lipid-like molecules,superclass,0.7777777777777778,In silico,C21H32O3,0.9999999999999999,NA,NA,NA,NA
1792034.5623333333,542320.125,18090,444,333.24254363848195,11.737623,Lipids and lipid-like molecules,superclass,0.7777777777777778,In silico,C21H32O3,0.9999999999999999,NA,NA,NA,NA
3421452.487333333,2052263.1905,20062,1293,345.08481527341115,11.490228,Benzenoids,superclass,0.625,In silico,C18H18NO2S2,0.9999999999999999,NA,NA,NA,NA
3421452.487333333,2052263.1905,20063,1293,345.08494415139774,11.3480835,Benzenoids,superclass,0.625,In silico,C18H18NO2S2,0.9999999999999999,NA,NA,NA,NA
3421452.487333333,2052263.1905,20400,1293,347.0827761530148,11.477546,Benzenoids,superclass,0.625,In silico,C19H19NOP,0.9482412060301507,NA,NA,NA,NA
3421452.487333333,2052263.1905,20401,1293,347.08291160403667,11.344748,Benzenoids,superclass,0.625,In silico,NA,NA,NA,NA,NA,NA
3421452.487333333,2052263.1905,20570,1293,347.22186283509586,11.390141,Benzenoids,superclass,0.625,In silico,C21H30O4,0.9999999999999999,NA,NA,NA,NA
3421452.487333333,2052263.1905,20605,1293,347.25823402286886,11.303317,Benzenoids,superclass,0.625,In silico,C22H34O3,0.9999999999999999,NA,NA,NA,NA
5593336.676666667,1095209.1785,21266,3352,351.21670080284946,8.740286,Lipids and lipid-like molecules;Prenol lipids;Diterpenoids,subclass,1,Library,C20H30O5,0.9999999999999999,"5-(4-carboxy-3-methylbutyl)-5,6,8a-trimethyl-3-oxo-4a,6,7,8-tetrahydro-4H-naphthalene-1-carboxylic acid",ESI-QFT,N/A,"InChI=1S/C20H30O5/c1-12(9-17(22)23)5-7-19(3)13(2)6-8-20(4)15(18(24)25)10-14(21)11-16(19)20/h10,12-13,16H,5-9,11H2,1-4H3,(H,22,23)(H,24,25)"
5593336.676666667,1095209.1785,21285,3352,351.21688667122845,10.317981,Lipids and lipid-like molecules;Prenol lipids;Diterpenoids,subclass,1,Library,C20H30O5,0.9999999999999999,"5-(4-carboxy-3-methylbutyl)-5,6,8a-trimethyl-3-oxo-4a,6,7,8-tetrahydro-4H-naphthalene-1-carboxylic acid",ESI-QFT,N/A,"InChI=1S/C20H30O5/c1-12(9-17(22)23)5-7-19(3)13(2)6-8-20(4)15(18(24)25)10-14(21)11-16(19)20/h10,12-13,16H,5-9,11H2,1-4H3,(H,22,23)(H,24,25)"
5593336.676666667,1095209.1785,21289,3352,351.21693368478486,9.900159,Lipids and lipid-like molecules;Prenol lipids;Diterpenoids,subclass,1,Library,C20H30O5,0.9999999999999999,"5-(4-carboxy-3-methylbutyl)-5,6,8a-trimethyl-3-oxo-4a,6,7,8-tetrahydro-4H-naphthalene-1-carboxylic acid",ESI-QFT,N/A,"InChI=1S/C20H30O5/c1-12(9-17(22)23)5-7-19(3)13(2)6-8-20(4)15(18(24)25)10-14(21)11-16(19)20/h10,12-13,16H,5-9,11H2,1-4H3,(H,22,23)(H,24,25)"
5593336.676666667,1095209.1785,21291,3352,351.2169522513906,10.140642,Lipids and lipid-like molecules;Prenol lipids;Diterpenoids,subclass,1,Library,C20H30O5,0.9999999999999999,"5-(4-carboxy-3-methylbutyl)-5,6,8a-trimethyl-3-oxo-4a,6,7,8-tetrahydro-4H-naphthalene-1-carboxylic acid",ESI-QFT,N/A,"InChI=1S/C20H30O5/c1-12(9-17(22)23)5-7-19(3)13(2)6-8-20(4)15(18(24)25)10-14(21)11-16(19)20/h10,12-13,16H,5-9,11H2,1-4H3,(H,22,23)(H,24,25)"
195207.22,3490.7250000000004,22824,7808,359.27929398101463,11.210608,Lipids and lipid-like molecules;Fatty Acyls;Fatty alcohols,subclass,1,In silico,C20H38O5,0.9999999999999999,NA,NA,NA,NA
3187113.220333333,1343965.9205,23983,583,366.28524558122473,9.02395,Lipids and lipid-like molecules,superclass,0.8,In silico,C18H39NO6,0.9994974874371858,NA,NA,NA,NA
769499.1320000001,355623.4005,24887,4305,371.185305825313,9.013869,Lipids and lipid-like molecules;Prenol lipids;Diterpenoids,subclass,1,Library,NA,NA,ingenol,Orbitrap,CC1=CC23C(=O)C(C=C(CO)C(O)C2(O)C1O)C1C(CC3C)C1(C)C,"InChI=1S/C20H28O5/c1-9-7-19-10(2)5-13-14(18(13,3)4)12(17(19)24)6-11(8-21)16(23)20(19,25)15(9)22/h6-7,10,12-16,21-23,25H,5,8H2,1-4H3/t10-,12?,13-,14+,15+,16-,19?,20-/m1/s1"
335264.8333333334,131611.3615,25293,9262,373.2012518580007,9.758829,Lipids and lipid-like molecules;Prenol lipids,class,1,In silico,C20H30O5,0.9999999999999999,NA,NA,NA,NA
769400.15,78186.353,25296,1512,373.2012609028477,10.173946,Lipids and lipid-like molecules,superclass,1,In silico,C20H30O5,0.9999999999999999,NA,NA,NA,NA
335264.8333333334,131611.3615,25300,9262,373.2012737453505,9.856843,Lipids and lipid-like molecules;Prenol lipids,class,1,In silico,C20H30O5,0.9999999999999999,NA,NA,NA,NA
531845.432,83951.0918,25314,5704,373.23746350408635,11.249566,Lipids and lipid-like molecules;Steroids and steroid derivatives;Pregnane steroids,subclass,1,Library,NA,NA,11-alpha-Acetoxyprogesterone,Orbitrap,CC(=O)OC1CC2(C)C(C(C)=O)CCC2C2CCC3=CC(=O)CCC3(C)C12,"InChI=1S/C23H32O4/c1-13(24)18-7-8-19-17-6-5-15-11-16(26)9-10-22(15,3)21(17)20(27-14(2)25)12-23(18,19)4/h11,17-21H,5-10,12H2,1-4H3/t17-,18+,19-,20+,21+,22-,23+/m0/s1"
569404.2,9803.4587,27096,11030,383.26976494000616,9.736505,Lipids and lipid-like molecules;Steroids and steroid derivatives;Oxosteroids,subclass,1,In silico,C24H34N2O2,0.9999999999999999,NA,NA,NA,NA
569404.2,9803.4587,27099,11030,383.2697963811723,9.822617,Lipids and lipid-like molecules;Steroids and steroid derivatives;Oxosteroids,subclass,1,In silico,C24H34N2O2,0.9999999999999999,NA,NA,NA,NA
66662.65333333334,15553.519,27798,8997,387.17980359837725,8.468784,Organic oxygen compounds;Organooxygen compounds;Carbonyl compounds,subclass,1,In silico,C20H28O6,0.9999999999999999,NA,NA,NA,NA
131196.83133333334,52775.82399999999,28958,13490,394.2589528723683,10.631112,Lipids and lipid-like molecules;Prenol lipids;Diterpenoids,subclass,1,In silico,C22H32O5,0.9999999999999999,NA,NA,NA,NA
131196.83133333334,52775.82399999999,28963,13490,394.2592068904334,10.427493,Lipids and lipid-like molecules;Prenol lipids;Diterpenoids,subclass,1,In silico,C22H32O5,0.9999999999999999,NA,NA,NA,NA
293541.8466666667,130599.50935000001,30869,617,405.22740170585297,9.717692,Lipids and lipid-like molecules,superclass,0.6666666666666666,In silico,C21H34O6,0.9999999999999999,NA,NA,NA,NA
134832705.098,1219486.9189,33465,413,422.32694460682876,10.976852,Lipids and lipid-like molecules;Prenol lipids;Diterpenoids,subclass,1,Library,C26H39N5,0.9999999999999999,B21A21,qTof,N/A,N/A
134832705.098,1219486.9189,33467,413,422.3271692327141,10.664404,Lipids and lipid-like molecules;Prenol lipids;Diterpenoids,subclass,1,Library,C26H39N5,0.9999999999999999,B21A21,qTof,N/A,N/A
134832705.098,1219486.9189,33468,413,422.32741430067176,10.835756,Lipids and lipid-like molecules;Prenol lipids;Diterpenoids,subclass,1,Library,C26H39N5,0.9999999999999999,B21A21,qTof,N/A,N/A
1921261,520550.15900000004,33794,7694,424.99349308223947,11.6497965,Organosulfur compounds;Thioethers;Aryl thioethers,subclass,1,In silico,C18H17O2PS4,0.9999999999999999,NA,NA,NA,NA
1921261,520550.15900000004,33795,7694,424.99352476072835,11.571046,Organosulfur compounds;Thioethers;Aryl thioethers,subclass,1,In silico,C18H17O2PS4,0.9999999999999999,NA,NA,NA,NA
1921261,520550.15900000004,33796,7694,424.9935510326747,11.719674,Organosulfur compounds;Thioethers;Aryl thioethers,subclass,1,In silico,C18H17O2PS4,0.9999999999999999,NA,NA,NA,NA
92180.16533333334,15270.6905,34813,10261,431.2429752288142,9.342109,Organic oxygen compounds;Organooxygen compounds;Ethers,subclass,1,In silico,C25H34O6,0.9999999999999999,NA,NA,NA,NA
293541.8466666667,130599.50935000001,35364,617,436.30641554252736,10.080738,Lipids and lipid-like molecules,superclass,0.6666666666666666,In silico,C25H38O5,0.9999999999999999,NA,NA,NA,NA
134832705.098,1219486.9189,35365,413,436.3064566771263,8.8365,Lipids and lipid-like molecules;Prenol lipids;Diterpenoids,subclass,1,Library,C26H37N5O,0.9999999999999999,B21A19,qTof,N/A,N/A
134832705.098,1219486.9189,35366,413,436.30649608155323,9.264345,Lipids and lipid-like molecules;Prenol lipids;Diterpenoids,subclass,1,Library,C26H37N5O,0.9999999999999999,B21A19,qTof,N/A,N/A
134832705.098,1219486.9189,35367,413,436.3065349554246,8.607103,Lipids and lipid-like molecules;Prenol lipids;Diterpenoids,subclass,1,Library,C26H37N5O,0.9999999999999999,B21A19,qTof,N/A,N/A
134832705.098,1219486.9189,35368,413,436.30656445504763,8.921452,Lipids and lipid-like molecules;Prenol lipids;Diterpenoids,subclass,1,Library,C26H37N5O,0.9999999999999999,B21A19,qTof,N/A,N/A
134832705.098,1219486.9189,35372,413,436.30673270481054,9.539249,Lipids and lipid-like molecules;Prenol lipids;Diterpenoids,subclass,1,Library,C26H37N5O,0.9999999999999999,B21A19,qTof,N/A,N/A
134832705.098,1219486.9189,36000,413,440.33767125770976,9.406495,Lipids and lipid-like molecules;Prenol lipids;Diterpenoids,subclass,1,Library,C26H41N5O,0.9999999999999999,Axistatin1/2,qTof,C/C(CCC1(C(CCC2(C(C)=CCCC12)C)C)C)=C/CN(C(C(NC)=NC=N3)=C3N)C=O,"InChI=1S/C26H41N5O/c1-18(12-15-31(17-32)22-23(27)29-16-30-24(22)28-6)10-13-25(4)20(3)11-14-26(5)19(2)8-7-9-21(25)26/h8,12,16-17,20-21H,7,9-11,13-15H2,1-6H3,(H3,27,28,29,30)/b18-12-"
134832705.098,1219486.9189,36002,413,440.33797707924055,10.285459,Lipids and lipid-like molecules;Prenol lipids;Diterpenoids,subclass,1,Library,C25H42O5,0.9999999999999999,Axistatin1/2,qTof,C/C(CCC1(C(CCC2(C(C)=CCCC12)C)C)C)=C/CN(C(C(NC)=NC=N3)=C3N)C=O,"InChI=1S/C26H41N5O/c1-18(12-15-31(17-32)22-23(27)29-16-30-24(22)28-6)10-13-25(4)20(3)11-14-26(5)19(2)8-7-9-21(25)26/h8,12,16-17,20-21H,7,9-11,13-15H2,1-6H3,(H3,27,28,29,30)/b18-12-"
134832705.098,1219486.9189,36004,413,440.338571279875,9.615723,Lipids and lipid-like molecules;Prenol lipids;Diterpenoids,subclass,1,Library,C26H41N5O,0.9999999999999999,Axistatin1/2,qTof,C/C(CCC1(C(CCC2(C(C)=CCCC12)C)C)C)=C/CN(C(C(NC)=NC=N3)=C3N)C=O,"InChI=1S/C26H41N5O/c1-18(12-15-31(17-32)22-23(27)29-16-30-24(22)28-6)10-13-25(4)20(3)11-14-26(5)19(2)8-7-9-21(25)26/h8,12,16-17,20-21H,7,9-11,13-15H2,1-6H3,(H3,27,28,29,30)/b18-12-"
926184.674,5050.279050000001,36005,11514,440.3393311008707,10.775434,Unknown,NA,NA,NA,C26H41N5O,0.9999999999999999,B21A03,qTof,N/A,N/A
160432.297,32275.3708,37580,19,454.2805077649112,10.72622,Lipids and lipid-like molecules;Prenol lipids;Diterpenoids,subclass,1,In silico,NA,NA,NA,NA,NA,NA
160432.297,32275.3708,37582,19,454.28055536918293,10.63162,Lipids and lipid-like molecules;Prenol lipids;Diterpenoids,subclass,1,In silico,C24H36O7,0.9999999999999999,NA,NA,NA,NA
126044.36333333333,27893.7965,37785,7744,456.22302208036115,8.633918,Lipids and lipid-like molecules;Prenol lipids;Terpene lactones,subclass,1,In silico,C22H33NO9,0.9999999999999999,NA,NA,NA,NA
191461.8,75282.938,38177,2161,460.21801662309946,5.5254555,Organic oxygen compounds;Organooxygen compounds;Carbohydrates and carbohydrate conjugates,subclass,1,In silico,C21H33NO10,0.9994974874371858,NA,NA,NA,NA
1602699.6946666667,811983.8918,38331,577,462.28572120965487,10.910006,Lipids and lipid-like molecules,superclass,0.6666666666666666,In silico,NA,NA,NA,NA,NA,NA
1602699.6946666667,811983.8918,38350,577,462.35432593953334,11.082137,Lipids and lipid-like molecules,superclass,0.6666666666666666,In silico,C23H47N3O6,0.9658291457286432,NA,NA,NA,NA
226692.13666666666,22913.941,39779,11796,478.20706730283666,8.647265,Organic oxygen compounds;Organooxygen compounds;Carbohydrates and carbohydrate conjugates,subclass,1,In silico,NA,NA,NA,NA,NA,NA
293541.8466666667,130599.50935000001,39824,617,478.31679722141513,10.9830675,Lipids and lipid-like molecules,superclass,0.6666666666666666,In silico,NA,NA,NA,NA,NA,NA
554779.1243333333,13682.5383,40003,3891,480.30889109950397,10.971786,Lipids and lipid-like molecules;Glycerophospholipids;Glycerophosphoethanolamines,subclass,1,Library,NA,NA,Spectral Match to 1-(9Z-Octadecenoyl)-sn-glycero-3-phosphoethanolamine from NIST14,qTof,CCCCCCCC/C=C\CCCCCCCC(=O)OC[C@H](COP(=O)(O)OCCN)O,"InChI=1S/C23H46NO7P/c1-2-3-4-5-6-7-8-9-10-11-12-13-14-15-16-17-23(26)29-20-22(25)21-31-32(27,28)30-19-18-24/h9-10,22,25H,2-8,11-21,24H2,1H3,(H,27,28)/b10-9-/t22-/m1/s1"
2598158.4123333334,72217.3935,40192,1117,482.34810090742513,10.446102,Phenylpropanoids and polyketides,superclass,0.6666666666666666,In silico,C27H47NO6,0.9999999999999999,NA,NA,NA,NA
1602699.6946666667,811983.8918,40219,577,482.8606455337399,11.24859,Lipids and lipid-like molecules,superclass,0.6666666666666666,In silico,C9H18O4P2S6,0.9999999999999999,NA,NA,NA,NA
1602699.6946666667,811983.8918,40856,577,491.3746486660001,11.259545,Lipids and lipid-like molecules,superclass,0.6666666666666666,In silico,C28H52O5,0.9999999999999999,NA,NA,NA,NA
5773839.2,0,41675,6798,505.03323383059103,10.1979685,Benzenoids;Naphthalenes;Nitronaphthalenes,subclass,1,In silico,NA,NA,NA,NA,NA,NA
293541.8466666667,130599.50935000001,41751,617,506.31206563160003,11.108685,Lipids and lipid-like molecules,superclass,0.6666666666666666,In silico,C28H43NO7,0.570854271356784,NA,NA,NA,NA
1602699.6946666667,811983.8918,42579,577,520.3961853392524,11.431237,Lipids and lipid-like molecules,superclass,0.6666666666666666,In silico,NA,NA,NA,NA,NA,NA
101968.42633333334,34002.402,42590,10263,521.2020407699432,7.0670376,Organoheterocyclic compounds;Naphthopyrans,class,1,In silico,C26H32O11,0.9999999999999999,NA,NA,NA,NA
2598158.4123333334,72217.3935,42768,1117,524.3589491661058,10.93501,Phenylpropanoids and polyketides,superclass,0.6666666666666666,In silico,C29H49NO7,0.9999999999999999,NA,NA,NA,NA
2598158.4123333334,72217.3935,42769,1117,524.3590965728486,10.997727,Phenylpropanoids and polyketides,superclass,0.6666666666666666,In silico,C29H49NO7,0.9999999999999999,NA,NA,NA,NA
1602699.6946666667,811983.8918,43723,577,549.416525513923,11.588462,Lipids and lipid-like molecules,superclass,0.6666666666666666,In silico,NA,NA,NA,NA,NA,NA
854635.4366666666,16042.8935,44009,2538,558.421909432315,10.579082,"Organic acids and derivatives;Carboxylic acids and derivatives;Amino acids, peptides, and analogues",subclass,1,In silico,NA,NA,NA,NA,NA,NA
1602699.6946666667,811983.8918,44499,577,578.4378115632283,11.768255,Lipids and lipid-like molecules,superclass,0.6666666666666666,In silico,NA,NA,NA,NA,NA,NA
280461.23,32194.818199999998,44888,217,604.406173032192,11.254383,"Organic acids and derivatives;Carboxylic acids and derivatives;Amino acids, peptides, and analogues",subclass,1,In silico,NA,NA,NA,NA,NA,NA
280461.23,32194.818199999998,44890,217,604.4062618073691,11.126208,"Organic acids and derivatives;Carboxylic acids and derivatives;Amino acids, peptides, and analogues",subclass,1,In silico,NA,NA,NA,NA,NA,NA
280461.23,32194.818199999998,44893,217,604.4425577185065,11.272132,"Organic acids and derivatives;Carboxylic acids and derivatives;Amino acids, peptides, and analogues",subclass,1,In silico,NA,NA,NA,NA,NA,NA
1602699.6946666667,811983.8918,44921,577,607.4583133351236,11.945974,Lipids and lipid-like molecules,superclass,0.6666666666666666,In silico,NA,NA,NA,NA,NA,NA
5216027.046666667,0,45048,1199,615.0269086241568,10.108534,"Nucleosides, nucleotides, and analogues;Purine nucleotides;Purine ribonucleotides",subclass,1,In silico,NA,NA,NA,NA,NA,NA
754541.8566666667,24199.50715,45128,11716,621.2911958450478,6.899152,Organic acids and derivatives,superclass,0.6666666666666666,In silico,NA,NA,NA,NA,NA,NA
1602699.6946666667,811983.8918,45294,577,636.4791860489818,12.138822,Lipids and lipid-like molecules,superclass,0.6666666666666666,In silico,NA,NA,NA,NA,NA,NA
754541.8566666667,24199.50715,45461,11716,653.2620313789581,7.2456155,Organic acids and derivatives,superclass,0.6666666666666666,In silico,NA,NA,NA,NA,NA,NA
754541.8566666667,24199.50715,45462,11716,653.2629074802638,7.038543,Organic acids and derivatives,superclass,0.6666666666666666,In silico,NA,NA,NA,NA,NA,NA
1602699.6946666667,811983.8918,45577,577,665.5001374731866,12.360698,Lipids and lipid-like molecules,superclass,0.6666666666666666,In silico,C39H68O8,0.5562814070351759,NA,NA,NA,NA
1602699.6946666667,811983.8918,45732,577,694.5211075407686,12.607808,Lipids and lipid-like molecules,superclass,0.6666666666666666,In silico,C35H71N3O10,0.992462311557789,NA,NA,NA,NA
