CCANetworkXIC,WaterNetworkXIC,featureNumber,subnetwork,m/z,rententionTime,conciseConsensus,conciseConsensusLevel,conciseConsensusScore,matchSource,molecularFormula,ZodiacScore,libraryMatchID,MirrorMatchQuality,MirrorMatch,libraryInstrument,librarySmiles,libraryINCHI
4.45E+05,1.95E+05,34,7002,153.09113600280100,4.8466783,Lipids and lipid-like molecules;Fatty Acyls;Fatty acids and conjugates,subclass,1,Library,C9H12O2,1.000,AZELATE,Good,https://gnps.ucsd.edu/ProteoSAFe/result.jsp?task=955b2e3bd17c4f39b5f9bccfb43c00e1&view=view_all_annotations_DB#%7B%22main.%23Scan%23_lowerinput%22%3A%2234%22%2C%22main.%23Scan%23_upperinput%22%3A%2237%22%7D,Orbitrap,OC(=O)CCCCCCCC(O)=O,"""InChI=1S/C9H16O4/c10-8(11)6-4-2-1-3-5-7-9(12)13/h1-7H2,(H,10,11)(H,12,13)"""
4.45E+05,1.95E+05,36,7002,153.09114209376300,4.7605076,Lipids and lipid-like molecules;Fatty Acyls;Fatty acids and conjugates,subclass,1,Library,C9H12O2,1.000,AZELATE,Good,https://gnps.ucsd.edu/ProteoSAFe/result.jsp?task=955b2e3bd17c4f39b5f9bccfb43c00e1&view=view_all_annotations_DB#%7B%22main.%23Scan%23_lowerinput%22%3A%2234%22%2C%22main.%23Scan%23_upperinput%22%3A%2237%22%7D,Orbitrap,OC(=O)CCCCCCCC(O)=O,"""InChI=1S/C9H16O4/c10-8(11)6-4-2-1-3-5-7-9(12)13/h1-7H2,(H,10,11)(H,12,13)"""
4.45E+05,1.95E+05,37,7002,153.09114264042600,4.6974907,Lipids and lipid-like molecules;Fatty Acyls;Fatty acids and conjugates,subclass,1,Library,C9H12O2,1.000,AZELATE,Good,https://gnps.ucsd.edu/ProteoSAFe/result.jsp?task=955b2e3bd17c4f39b5f9bccfb43c00e1&view=view_all_annotations_DB#%7B%22main.%23Scan%23_lowerinput%22%3A%2234%22%2C%22main.%23Scan%23_upperinput%22%3A%2237%22%7D,Orbitrap,OC(=O)CCCCCCCC(O)=O,"""InChI=1S/C9H16O4/c10-8(11)6-4-2-1-3-5-7-9(12)13/h1-7H2,(H,10,11)(H,12,13)"""
5.44E+05,2.98E+05,111,3107,157.08606857654900,3.1693616,Lipids and lipid-like molecules;Fatty Acyls;Fatty acids and conjugates,subclass,1,In silico,NA,NA,NA,,,NA,NA,NA
1.45E+06,7.37E+05,138,841,158.1541573558570,7.6626487,Lipids and lipid-like molecules;Fatty Acyls;Fatty amides,subclass,1,In silico,C9H19NO,1.000,NA,,,NA,NA,NA
2.35E+05,3.87E+04,148,7175,159.06534999636200,5.527963,Organoheterocyclic compounds;Lactones;Gamma butyrolactones,subclass,1,In silico,C7H10O4,1.000,NA,,,NA,NA,NA
1.23E+05,2.55E+04,152,4585,159.11704803174500,9.344086,Hydrocarbons;Unsaturated hydrocarbons;Olefins,subclass,1,In silico,C12H14,1.000,NA,,,NA,NA,NA
1.03E+07,2.35E+06,177,702,161.0962268384480,8.819399,Unknown,NA,NA,NA,C11H12O,1.000,NA,,,IT/ion trap,N/A,N/A
1.03E+07,2.35E+06,178,702,161.0962554848070,8.9835825,Unknown,NA,NA,NA,C11H12O,1.000,NA,,,IT/ion trap,N/A,N/A
1.03E+07,2.35E+06,184,702,161.0962808578400,9.107531,Unknown,NA,NA,NA,C11H12O,1.000,NA,,,IT/ion trap,N/A,N/A
1.03E+07,2.35E+06,185,702,161.09628153206200,9.228317,Unknown,NA,NA,NA,C11H12O,1.000,NA,,,IT/ion trap,N/A,N/A
1.03E+07,2.35E+06,186,702,161.0962965181290,9.417668,Unknown,NA,NA,NA,C11H12O,1.000,NA,,,IT/ion trap,N/A,N/A
2.16E+07,3.62E+06,337,108,164.1435783010100,5.7537527,Benzenoids;Benzene and substituted derivatives;Aniline and substituted anilines,subclass,1,Library,C11H17N,1.000,Massbank:LU046802 4-Pentylaniline,Ok,https://gnps.ucsd.edu/ProteoSAFe/result.jsp?task=955b2e3bd17c4f39b5f9bccfb43c00e1&view=view_all_annotations_DB#%7B%22main.%23Scan%23_lowerinput%22%3A%22337%22%2C%22main.%23Scan%23_upperinput%22%3A%22338%22%7D,Hybrid FT,CCCCCC1=CC=C(N)C=C1,"1S/C11H17N/c1-2-3-4-5-10-6-8-11(12)9-7-10/h6-9H,2-5,12H2,1H3"
2.16E+07,3.62E+06,338,108,164.14358305052600,5.6587214,Benzenoids;Benzene and substituted derivatives;Aniline and substituted anilines,subclass,1,Library,C11H17N,1.000,Massbank:LU046802 4-Pentylaniline,Ok,https://gnps.ucsd.edu/ProteoSAFe/result.jsp?task=955b2e3bd17c4f39b5f9bccfb43c00e1&view=view_all_annotations_DB#%7B%22main.%23Scan%23_lowerinput%22%3A%22337%22%2C%22main.%23Scan%23_upperinput%22%3A%22338%22%7D,Hybrid FT,CCCCCC1=CC=C(N)C=C1,"1S/C11H17N/c1-2-3-4-5-10-6-8-11(12)9-7-10/h6-9H,2-5,12H2,1H3"
5.87E+05,2.82E+05,490,1885,169.1225040493120,8.023279,Lipids and lipid-like molecules,superclass,0.6666666666666670,In silico,C10H16O2,1.000,NA,,,NA,NA,NA
5.57E+05,1.40E+05,511,3496,170.1177428101510,7.6100736,Organic acids and derivatives;Carboxylic acids and derivatives;Carboxylic acid derivatives,subclass,1,In silico,C9H15NO2,1.000,NA,,,NA,NA,NA
5.65E+06,8.21E+05,542,3054,171.09928186432100,3.5442655,Organic acids and derivatives,superclass,0.6,In silico,C7H12N3O2,1.000,NA,,,NA,NA,NA
5.65E+06,8.21E+05,543,3054,171.09928960988500,3.6407177,Organic acids and derivatives,superclass,0.6,In silico,C7H12N3O2,1.000,NA,,,Orbitrap,O=C(O)C1C(O)CCC2CN3CCc4c([nH]c5ccccc45)C3CC21,"InChI=1S/C20H24N2O3/c23-17-6-5-11-10-22-8-7-13-12-3-1-2-4-15(12)21-19(13)16(22)9-14(11)18(17)20(24)25/h1-4,11,14,16-18,21,23H,5-10H2,(H,24,25)/t11-,14-,16-,17-,18?/m0/s1"
5.65E+06,8.21E+05,544,3054,171.09929940280000,3.7198682,Organic acids and derivatives,superclass,0.6,In silico,C7H12N3O2,1.000,NA,,,NA,NA,NA
5.65E+06,8.21E+05,545,3054,171.0993925771960,4.085255,Organic acids and derivatives,superclass,0.6,In silico,C7H16O3,1.000,NA,,,NA,NA,NA
5.65E+06,8.21E+05,546,3054,171.09939538513100,4.032352,Organic acids and derivatives,superclass,0.6,In silico,C7H16O3,1.000,NA,,,NA,NA,NA
5.44E+05,2.98E+05,553,3107,171.10169953227200,4.807463,Lipids and lipid-like molecules;Fatty Acyls;Fatty acids and conjugates,subclass,1,In silico,C9H14O3,1.000,NA,,,NA,NA,NA
5.44E+05,2.98E+05,554,3107,171.101700382692,4.6947002,Lipids and lipid-like molecules;Fatty Acyls;Fatty acids and conjugates,subclass,1,In silico,C9H14O3,1.000,NA,,,NA,NA,NA
3.58E+06,1.97E+06,626,12836,172.16971487948100,8.735763,Organic acids and derivatives;Carboxylic acids and derivatives;Carboxylic acid derivatives,subclass,0.75,In silico,NA,NA,NA,,,NA,NA,NA
3.58E+06,1.97E+06,627,12836,172.16975083092100,8.921053,Organic acids and derivatives;Carboxylic acids and derivatives;Carboxylic acid derivatives,subclass,0.75,In silico,C10H21NO,1.000,NA,,,NA,NA,NA
3.58E+06,1.97E+06,629,12836,172.16976171311300,9.185609,Organic acids and derivatives;Carboxylic acids and derivatives;Carboxylic acid derivatives,subclass,0.75,In silico,C10H21NO,1.000,NA,,,NA,NA,NA
3.58E+06,1.97E+06,630,12836,172.16976250861400,9.087267,Organic acids and derivatives;Carboxylic acids and derivatives;Carboxylic acid derivatives,subclass,0.75,In silico,C10H21NO,1.000,NA,,,NA,NA,NA
3.58E+06,1.97E+06,632,12836,172.16977162047400,9.259488,Organic acids and derivatives;Carboxylic acids and derivatives;Carboxylic acid derivatives,subclass,0.75,In silico,C10H21NO,1.000,NA,,,NA,NA,NA
1.03E+07,2.35E+06,765,702,175.11202724086200,10.27949,Unknown,NA,NA,NA,C12H14O,1.000,Spectral Match to (-)-Perillyl alcohol from NIST14,,,QqQ,N/A,N/A
1.03E+07,2.35E+06,766,702,175.1120282645230,9.973312,Unknown,NA,NA,NA,C12H14O,1.000,Spectral Match to (-)-Perillyl alcohol from NIST14,,,QqQ,N/A,N/A
1.03E+07,2.35E+06,767,702,175.11202838163800,10.063699,Unknown,NA,NA,NA,C12H14O,1.000,Spectral Match to (-)-Perillyl alcohol from NIST14,,,QqQ,N/A,N/A
1.03E+07,2.35E+06,768,702,175.11203005316400,10.179666,Unknown,NA,NA,NA,C12H14O,1.000,Spectral Match to (-)-Perillyl alcohol from NIST14,,,QqQ,N/A,N/A
1.03E+07,2.35E+06,769,702,175.1120342598220,9.893046,Unknown,NA,NA,NA,C12H14O,1.000,Spectral Match to (-)-Perillyl alcohol from NIST14,,,QqQ,N/A,N/A
1.03E+07,2.35E+06,770,702,175.1120378910410,9.652665,Unknown,NA,NA,NA,C12H14O,1.000,Spectral Match to (-)-Perillyl alcohol from NIST14,,,QqQ,N/A,N/A
1.03E+07,2.35E+06,771,702,175.11203842681900,9.579097,Unknown,NA,NA,NA,C12H14O,1.000,Spectral Match to (-)-Perillyl alcohol from NIST14,,,QqQ,N/A,N/A
1.68E+05,7.54E+04,818,1063,176.1068449587090,8.217039,Organic oxygen compounds;Organooxygen compounds;Ethers,subclass,1,In silico,C11H13NO,1.000,NA,,,NA,NA,NA
1.68E+05,7.54E+04,820,1063,176.10720690897800,8.012534,Organic oxygen compounds;Organooxygen compounds;Ethers,subclass,1,In silico,C11H13NO,1.000,NA,,,NA,NA,NA
2.94E+07,1.52E+07,833,259,177.05482126016000,9.534797,Benzenoids;Benzene and substituted derivatives;Benzoic acids and derivatives,subclass,1,Library,C10H8O3,1.000,Spectral Match to Diethyl phthalate from NIST14,Ok,https://gnps.ucsd.edu/ProteoSAFe/result.jsp?task=955b2e3bd17c4f39b5f9bccfb43c00e1&view=view_all_annotations_DB#%7B%22main.%23Scan%23_lowerinput%22%3A%22833%22%2C%22main.%23Scan%23_upperinput%22%3A%22833%22%7D,QqQ,N/A,N/A
2.94E+07,1.52E+07,839,259,177.0548821754800,10.190856,Benzenoids;Benzene and substituted derivatives;Benzoic acids and derivatives,subclass,1,Library,C10H8O3,1.000,Spectral Match to Diethyl phthalate from NIST14,Ok,https://gnps.ucsd.edu/ProteoSAFe/result.jsp?task=955b2e3bd17c4f39b5f9bccfb43c00e1&view=view_all_annotations_DB#%7B%22main.%23Scan%23_lowerinput%22%3A%22839%22%2C%22main.%23Scan%23_upperinput%22%3A%22839%22%7D,QqQ,N/A,N/A
2.94E+07,1.52E+07,840,259,177.0587220072620,9.514407,Benzenoids;Benzene and substituted derivatives;Benzoic acids and derivatives,subclass,1,Library,NA,NA,Spectral Match to Diethyl phthalate from NIST14,Ok,https://gnps.ucsd.edu/ProteoSAFe/result.jsp?task=955b2e3bd17c4f39b5f9bccfb43c00e1&view=view_all_annotations_DB#%7B%22main.%23Scan%23_lowerinput%22%3A%22840%22%2C%22main.%23Scan%23_upperinput%22%3A%22840%22%7D,QqQ,N/A,N/A
1.03E+07,2.35E+06,849,702,177.0911683287120,5.3200674,Unknown,NA,NA,NA,C11H16O4,1.000,(3E)-4-(4-methoxyphenyl)but-3-en-2-one,,,Orbitrap,COc1ccc(C=CC(C)=O)cc1,"InChI=1S/C11H12O2/c1-9(12)3-4-10-5-7-11(13-2)8-6-10/h3-8H,1-2H3/b4-3+"
1.03E+07,2.35E+06,850,702,177.09118077788000,5.1517754,Unknown,NA,NA,NA,C11H12O2,1.000,(3E)-4-(4-methoxyphenyl)but-3-en-2-one,,,Orbitrap,COc1ccc(C=CC(C)=O)cc1,"InChI=1S/C11H12O2/c1-9(12)3-4-10-5-7-11(13-2)8-6-10/h3-8H,1-2H3/b4-3+"
1.03E+07,2.35E+06,854,702,177.0912050774130,6.447237,Unknown,NA,NA,NA,C11H12O2,1.000,Spectral Match to .delta.-Tocotrienol from NIST14,,,IT/ion trap,N/A,N/A
1.03E+07,2.35E+06,855,702,177.09120783916400,8.331798,Unknown,NA,NA,NA,C11H12O2,1.000,(3E)-4-(4-methoxyphenyl)but-3-en-2-one,,,Orbitrap,COc1ccc(C=CC(C)=O)cc1,"InChI=1S/C11H12O2/c1-9(12)3-4-10-5-7-11(13-2)8-6-10/h3-8H,1-2H3/b4-3+"
1.59E+06,8.28E+05,857,4679,177.09121515706900,8.70647,Benzenoids;Phenol ethers;Anisoles,subclass,1,Library,C11H12O2,1.000,(3E)-4-(4-methoxyphenyl)but-3-en-2-one,Good,https://gnps.ucsd.edu/ProteoSAFe/result.jsp?task=955b2e3bd17c4f39b5f9bccfb43c00e1&view=view_all_annotations_DB#%7B%22main.%23Scan%23_lowerinput%22%3A%22857%22%2C%22main.%23Scan%23_upperinput%22%3A%22859%22%7D,Orbitrap,COc1ccc(C=CC(C)=O)cc1,"InChI=1S/C11H12O2/c1-9(12)3-4-10-5-7-11(13-2)8-6-10/h3-8H,1-2H3/b4-3+"
1.59E+06,8.28E+05,859,4679,177.09122538865400,8.923352,Benzenoids;Phenol ethers;Anisoles,subclass,1,Library,C11H12O2,1.000,(3E)-4-(4-methoxyphenyl)but-3-en-2-one,Good,https://gnps.ucsd.edu/ProteoSAFe/result.jsp?task=955b2e3bd17c4f39b5f9bccfb43c00e1&view=view_all_annotations_DB#%7B%22main.%23Scan%23_lowerinput%22%3A%22857%22%2C%22main.%23Scan%23_upperinput%22%3A%22859%22%7D,Orbitrap,COc1ccc(C=CC(C)=O)cc1,"InChI=1S/C11H12O2/c1-9(12)3-4-10-5-7-11(13-2)8-6-10/h3-8H,1-2H3/b4-3+"
1.03E+07,2.35E+06,862,702,177.09122844901500,8.186942,Unknown,NA,NA,NA,NA,NA,Spectral Match to .delta.-Tocotrienol from NIST14,,,IT/ion trap,N/A,N/A
1.64E+05,7.89E+04,881,3702,177.12758788275600,6.897121,Organic acids and derivatives;Carboxylic acids and derivatives;Carboxylic acid derivatives,subclass,1,In silico,C12H20O3,1.000,"3-(2-methylpropyl)-3a,4,5,6-tetrahydro-2-benzofuran-1(3h)-one",,,Orbitrap,CC(C)CC1OC(=O)C2=CCCCC21,"InChI=1S/C12H18O2/c1-8(2)7-11-9-5-3-4-6-10(9)12(13)14-11/h6,8-9,11H,3-5,7H2,1-2H3"
1.47E+07,3.03E+06,915,3350,178.1228336457820,7.3622823,Benzenoids;Benzene and substituted derivatives;Benzoic acids and derivatives,subclass,1,Library,C11H15NO,1.000,Massbank:FIO00397 Rebemide,Good,https://gnps.ucsd.edu/ProteoSAFe/result.jsp?task=955b2e3bd17c4f39b5f9bccfb43c00e1&view=view_all_annotations_DB#%7B%22main.%23Scan%23_lowerinput%22%3A%22915%22%2C%22main.%23Scan%23_upperinput%22%3A%22916%22%7D,LC-ESI-QTOF,CCN(CC)C(=O)c(c1)cccc1,"1S/C11H15NO/c1-3-12(4-2)11(13)10-8-6-5-7-9-10/h5-9H,3-4H2,1-2H3"
1.47E+07,3.03E+06,916,3350,178.12283742208800,7.5087147,Benzenoids;Benzene and substituted derivatives;Benzoic acids and derivatives,subclass,1,Library,C11H15NO,1.000,Massbank:FIO00397 Rebemide,Good,https://gnps.ucsd.edu/ProteoSAFe/result.jsp?task=955b2e3bd17c4f39b5f9bccfb43c00e1&view=view_all_annotations_DB#%7B%22main.%23Scan%23_lowerinput%22%3A%22915%22%2C%22main.%23Scan%23_upperinput%22%3A%22916%22%7D,LC-ESI-QTOF,CCN(CC)C(=O)c(c1)cccc1,"1S/C11H15NO/c1-3-12(4-2)11(13)10-8-6-5-7-9-10/h5-9H,3-4H2,1-2H3"
3.28E+05,1.93E+05,1107,14422,181.12248355583000,7.7782497,Lipids and lipid-like molecules;Prenol lipids;Monoterpenoids,subclass,1,In silico,C11H16O2,1.000,NA,,,NA,NA,NA
8.46E+04,1.16E+04,1266,13671,185.15384569319700,7.8728795,Organic acids and derivatives;Carboxylic acids and derivatives;Monocarboxylic acids and derivatives,subclass,1,In silico,C11H20O2,1.000,NA,,,NA,NA,NA
1.45E+06,7.37E+05,1297,841,186.18554083448700,10.150177,Lipids and lipid-like molecules;Fatty Acyls;Fatty amides,subclass,1,In silico,C11H23NO,1.000,NA,,,NA,NA,NA
1.45E+06,7.37E+05,1299,841,186.18555225542100,9.979823,Lipids and lipid-like molecules;Fatty Acyls;Fatty amides,subclass,1,In silico,C11H23NO,1.000,NA,,,NA,NA,NA
1.03E+07,2.35E+06,1339,702,187.11205805793900,10.257512,Unknown,NA,NA,NA,C13H14O,1.000,AC-LYS-OH - 40.0 eV,,,Orbitrap,CC(=O)N[C@@H](CCCCN)C(=O)O,N/A
1.03E+07,2.35E+06,1340,702,187.1120645487570,10.090027,Unknown,NA,NA,NA,C13H14O,1.000,AC-LYS-OH - 40.0 eV,,,Orbitrap,CC(=O)N[C@@H](CCCCN)C(=O)O,N/A
1.03E+07,2.35E+06,1341,702,187.11206453342800,9.978361,Unknown,NA,NA,NA,C13H14O,1.000,AC-LYS-OH - 40.0 eV,,,Orbitrap,CC(=O)N[C@@H](CCCCN)C(=O)O,N/A
1.03E+07,2.35E+06,1342,702,187.11206500747100,10.1738405,Unknown,NA,NA,NA,C13H14O,1.000,AC-LYS-OH - 40.0 eV,,,Orbitrap,CC(=O)N[C@@H](CCCCN)C(=O)O,N/A
2.58E+06,6.68E+05,1714,8114,193.14183817853400,8.040832,Organoheterocyclic compounds;Triazines;Aminotriazines,subclass,1,In silico,C8H18N4,1.000,NA,,,NA,NA,NA
2.39E+05,6.72E+04,1729,4975,193.15895046643900,7.6598635,Lipids and lipid-like molecules;Prenol lipids,class,1,In silico,C13H20O,1.000,NA,,,NA,NA,NA
2.39E+05,6.72E+04,1730,4975,193.15895262981900,7.7920885,Lipids and lipid-like molecules;Prenol lipids,class,1,In silico,C13H20O,1.000,NA,,,NA,NA,NA
3.28E+05,1.93E+05,1833,14422,195.13819709005800,7.7534976,Lipids and lipid-like molecules;Prenol lipids;Monoterpenoids,subclass,1,In silico,C12H18O2,1.000,NA,,,NA,NA,NA
1.36E+05,0.00E+00,1848,1500,196.1445990775610,5.1475534,Organoheterocyclic compounds;Azoles,class,1,In silico,C10H17N3O,1.000,NA,,,NA,NA,NA
1.45E+06,7.37E+05,2095,841,200.20112201275100,10.335239,Lipids and lipid-like molecules;Fatty Acyls;Fatty amides,subclass,1,In silico,C12H25NO,1.000,NA,,,qTof,C1=NC(=C(N1[C@H]2[C@@H]([C@@H]([C@H](O2)CO)O)O)N)C(=O)N,"InChI=1S/C9H14N4O5/c10-7-4(8(11)17)12-2-13(7)9-6(16)5(15)3(1-14)18-9/h2-3,5-6,9,14-16H,1,10H2,(H2,11,17)/t3-,5-,6-,9-/m1/s1"
4.12E+05,7.84E+04,2108,4354,201.1098273983870,3.4206345,Lipids and lipid-like molecules;Fatty Acyls,class,1,In silico,C8H18O4,1.000,NA,,,Orbitrap,CC1=NCCc2c1[nH]c1cc(O)ccc21,"InChI=1S/C12H12N2O/c1-7-12-10(4-5-13-7)9-3-2-8(15)6-11(9)14-12/h2-3,6,14-15H,4-5H2,1H3"
4.12E+05,7.84E+04,2109,4354,201.10983525618000,3.4759247,Lipids and lipid-like molecules;Fatty Acyls,class,1,In silico,C8H18O4,1.000,NA,,,Orbitrap,CC1=NCCc2c1[nH]c1cc(O)ccc21,"InChI=1S/C12H12N2O/c1-7-12-10(4-5-13-7)9-3-2-8(15)6-11(9)14-12/h2-3,6,14-15H,4-5H2,1H3"
1.02E+06,4.91E+05,2119,126,201.1122948107530,6.022972,Lipids and lipid-like molecules,superclass,0.5454545454545450,In silico,C10H16O4,1.000,NA,,,NA,NA,NA
1.10E+05,2.88E+04,2120,1232,201.11229519496700,6.917804,Organic acids and derivatives;Carboxylic acids and derivatives;Carboxylic acid derivatives,subclass,1,In silico,C10H16O4,1.000,NA,,,NA,NA,NA
1.02E+06,4.91E+05,2123,126,201.11230304649000,6.3025103,Lipids and lipid-like molecules,superclass,0.5454545454545450,In silico,C10H16O4,1.000,NA,,,NA,NA,NA
1.02E+06,4.91E+05,2125,126,201.1123121579560,6.4117756,Lipids and lipid-like molecules,superclass,0.5454545454545450,In silico,C10H16O4,1.000,NA,,,NA,NA,NA
2.37E+05,6.20E+04,2178,3661,201.16393109268100,10.998648,Lipids and lipid-like molecules;Prenol lipids;Sesquiterpenoids,subclass,1,Library,NA,NA,Zerumbone,Good,https://gnps.ucsd.edu/ProteoSAFe/result.jsp?task=955b2e3bd17c4f39b5f9bccfb43c00e1&view=view_all_annotations_DB#%7B%22main.%23Scan%23_lowerinput%22%3A%222178%22%2C%22main.%23Scan%23_upperinput%22%3A%222179%22%7D,Orbitrap,CC1=CCC(C)(C)C=CC(=O)C(C)=CCC1,"InChI=1S/C15H22O/c1-12-6-5-7-13(2)14(16)9-11-15(3,4)10-8-12/h7-9,11H,5-6,10H2,1-4H3/b11-9+,12-8+,13-7+"
2.37E+05,6.20E+04,2179,3661,201.16394723495400,10.904309,Lipids and lipid-like molecules;Prenol lipids;Sesquiterpenoids,subclass,1,Library,C15H20,1.000,Zerumbone,Good,https://gnps.ucsd.edu/ProteoSAFe/result.jsp?task=955b2e3bd17c4f39b5f9bccfb43c00e1&view=view_all_annotations_DB#%7B%22main.%23Scan%23_lowerinput%22%3A%222178%22%2C%22main.%23Scan%23_upperinput%22%3A%222179%22%7D,Orbitrap,CC1=CCC(C)(C)C=CC(=O)C(C)=CCC1,"InChI=1S/C15H22O/c1-12-6-5-7-13(2)14(16)9-11-15(3,4)10-8-12/h7-9,11H,5-6,10H2,1-4H3/b11-9+,12-8+,13-7+"
6.80E+05,3.17E+05,2429,2022,205.15889243492000,10.7858095,Lipids and lipid-like molecules;Prenol lipids;Sesquiterpenoids,subclass,1,In silico,C14H20O,1.000,NA,,,NA,NA,NA
6.80E+05,3.17E+05,2432,2022,205.15891891738300,10.612543,Lipids and lipid-like molecules;Prenol lipids;Sesquiterpenoids,subclass,1,In silico,C14H20O,1.000,NA,,,NA,NA,NA
6.80E+05,3.17E+05,2436,2022,205.15895018835200,10.499,Lipids and lipid-like molecules;Prenol lipids;Sesquiterpenoids,subclass,1,In silico,C14H20O,1.000,NA,,,NA,NA,NA
6.80E+05,3.17E+05,2437,2022,205.15895427658500,10.370881,Lipids and lipid-like molecules;Prenol lipids;Sesquiterpenoids,subclass,1,In silico,C14H20O,1.000,NA,,,NA,NA,NA
2.40E+06,5.17E+05,2607,4001,208.13339461404000,7.244281,Benzenoids;Benzene and substituted derivatives;Benzoic acids and derivatives,subclass,1,Library,C12H14O2,1.000,"Massbank:FIO00378 N,N-Diethyl-3-methoxybenzamide",Good,https://gnps.ucsd.edu/ProteoSAFe/result.jsp?task=955b2e3bd17c4f39b5f9bccfb43c00e1&view=view_all_annotations_DB#%7B%22main.%23Scan%23_lowerinput%22%3A%222607%22%2C%22main.%23Scan%23_upperinput%22%3A%222608%22%7D,LC-ESI-QTOF,COc(c1)cc(cc1)C(=O)N(CC)CC,"1S/C12H17NO2/c1-4-13(5-2)12(14)10-7-6-8-11(9-10)15-3/h6-9H,4-5H2,1-3H3"
2.40E+06,5.17E+05,2608,4001,208.13340223036000,7.9486346,Benzenoids;Benzene and substituted derivatives;Benzoic acids and derivatives,subclass,1,Library,C12H17NO2,1.000,"Massbank:FIO00378 N,N-Diethyl-3-methoxybenzamide",Good,https://gnps.ucsd.edu/ProteoSAFe/result.jsp?task=955b2e3bd17c4f39b5f9bccfb43c00e1&view=view_all_annotations_DB#%7B%22main.%23Scan%23_lowerinput%22%3A%222607%22%2C%22main.%23Scan%23_upperinput%22%3A%222608%22%7D,LC-ESI-QTOF,COc(c1)cc(cc1)C(=O)N(CC)CC,"1S/C12H17NO2/c1-4-13(5-2)12(14)10-7-6-8-11(9-10)15-3/h6-9H,4-5H2,1-3H3"
4.41E+05,1.71E+05,2621,10015,209.05996204064900,9.81795,Unknown,NA,NA,In silico,C9H10N3OS,0.903,NA,,,NA,NA,NA
4.41E+05,1.71E+05,2676,10015,209.11747945075700,9.738437,Unknown,NA,NA,In silico,C12H16O3,1.000,NA,,,NA,NA,NA
7.97E+06,3.88E+06,2693,1111,209.15376516732300,9.289435,Lipids and lipid-like molecules,superclass,0.6666666666666670,In silico,C13H20O2,1.000,NA,,,NA,NA,NA
7.97E+06,3.88E+06,2694,1111,209.15376578841900,9.199874,Lipids and lipid-like molecules,superclass,0.6666666666666670,In silico,C13H20O2,1.000,NA,,,NA,NA,NA
7.97E+06,3.88E+06,2695,1111,209.15378513565100,9.576755,Lipids and lipid-like molecules,superclass,0.6666666666666670,In silico,C13H20O2,1.000,NA,,,NA,NA,NA
7.97E+06,3.88E+06,2697,1111,209.15377541529000,9.480273,Lipids and lipid-like molecules,superclass,0.6666666666666670,In silico,C13H20O2,1.000,NA,,,NA,NA,NA
7.97E+06,3.88E+06,2710,1111,209.1538113319390,10.369984,Lipids and lipid-like molecules,superclass,0.6666666666666670,In silico,C13H20O2,1.000,NA,,,NA,NA,NA
7.97E+06,3.88E+06,2711,1111,209.153813413598,9.811865,Lipids and lipid-like molecules,superclass,0.6666666666666670,In silico,C13H20O2,1.000,NA,,,NA,NA,NA
7.97E+06,3.88E+06,2712,1111,209.15381428624500,9.754616,Lipids and lipid-like molecules,superclass,0.6666666666666670,In silico,C13H20O2,1.000,NA,,,NA,NA,NA
7.97E+06,3.88E+06,2713,1111,209.15382699124100,9.983395,Lipids and lipid-like molecules,superclass,0.6666666666666670,In silico,C13H20O2,1.000,NA,,,NA,NA,NA
7.97E+06,3.88E+06,2714,1111,209.15383199886500,10.245208,Lipids and lipid-like molecules,superclass,0.6666666666666670,In silico,C13H20O2,1.000,NA,,,NA,NA,NA
3.44E+05,1.82E+05,2809,3689,211.13295887343200,8.287951,Lipids and lipid-like molecules;Fatty Acyls,class,1,In silico,C12H18O3,1.000,NA,,,NA,NA,NA
3.44E+05,1.82E+05,2825,3689,211.133036638102,8.037458,Lipids and lipid-like molecules;Fatty Acyls,class,1,In silico,C12H18O3,1.000,NA,,,NA,NA,NA
3.44E+05,1.82E+05,2830,3689,211.1330429887510,7.8705764,Lipids and lipid-like molecules;Fatty Acyls,class,1,In silico,C12H18O3,1.000,NA,,,NA,NA,NA
3.84E+05,5.87E+04,2841,331,211.1693797021000,6.40864,Lipids and lipid-like molecules,superclass,1,In silico,C13H24O3,1.000,NA,,,NA,NA,NA
3.84E+05,5.87E+04,2846,331,211.16941020116000,6.8730993,Lipids and lipid-like molecules,superclass,1,In silico,C13H22O2,1.000,NA,,,NA,NA,NA
3.84E+05,5.87E+04,2847,331,211.1694151214070,6.94764,Lipids and lipid-like molecules,superclass,1,In silico,C13H22O2,1.000,NA,,,NA,NA,NA
1.94E+05,7.44E+04,2892,12968,212.20108909728300,9.861197,Unknown,NA,NA,NA,C13H25NO,1.000,Massbank:LU130202 N-Ethyl-4-menthane-3-carboxamide|N-Ethyl-p-menthane-3-carboxamide|N-ethyl-5-methyl-2-propan-2-ylcyclohexane-1-carboxamide,,,Hybrid FT,CCNC(=O)C1CC(C)CCC1C(C)C,"1S/C13H25NO/c1-5-14-13(15)12-8-10(4)6-7-11(12)9(2)3/h9-12H,5-8H2,1-4H3,(H,14,15)"
5.41E+06,1.14E+06,2949,10110,213.14628075071100,7.391284,Lipids and lipid-like molecules;Fatty Acyls;Fatty alcohols,subclass,1,In silico,C10H22O3,1.000,NA,,,NA,NA,NA
5.41E+06,1.14E+06,2950,10110,213.14628387589500,7.5451293,Lipids and lipid-like molecules;Fatty Acyls;Fatty alcohols,subclass,1,In silico,C10H22O3,1.000,NA,,,NA,NA,NA
5.41E+06,1.14E+06,2951,10110,213.14629926155800,7.6685224,Lipids and lipid-like molecules;Fatty Acyls;Fatty alcohols,subclass,1,In silico,C10H22O3,1.000,NA,,,NA,NA,NA
1.62E+05,2.13E+04,2952,6406,213.1463344940960,8.0821905,Lipids and lipid-like molecules;Fatty Acyls;Fatty alcohols,subclass,1,In silico,C10H22O3,1.000,NA,,,NA,NA,NA
1.35E+05,5.73E+04,2969,2425,213.1486980682050,9.351755,Lipids and lipid-like molecules;Fatty Acyls;Lineolic acids and derivatives,subclass,1,In silico,C12H20O3,1.000,NA,,,NA,NA,NA
9.26E+05,2.74E+05,3067,5096,215.0891561422730,1.4603995,Organic acids and derivatives,superclass,0.8,In silico,C8H12N3O4,1.000,NA,,,NA,NA,NA
9.26E+05,2.74E+05,3068,5096,215.08916039540700,1.6564957,Organic acids and derivatives,superclass,0.8,In silico,C8H16O5,1.000,NA,,,NA,NA,NA
9.26E+05,2.74E+05,3069,5096,215.08916350973900,1.3649887,Organic acids and derivatives,superclass,0.8,In silico,C8H12N3O4,1.000,NA,,,NA,NA,NA
9.26E+05,2.74E+05,3072,5096,215.08919262226700,2.018303,Organic acids and derivatives,superclass,0.8,In silico,C8H12N3O4,1.000,NA,,,NA,NA,NA
1.02E+06,4.91E+05,3103,126,215.12794690210700,6.147689,Lipids and lipid-like molecules,superclass,0.5454545454545450,In silico,C11H18O4,1.000,NA,,,NA,NA,NA
1.02E+06,4.91E+05,3104,126,215.12795007358600,6.2840905,Lipids and lipid-like molecules,superclass,0.5454545454545450,In silico,C11H18O4,1.000,NA,,,NA,NA,NA
1.02E+06,4.91E+05,3112,126,215.12797911467600,7.310347,Lipids and lipid-like molecules,superclass,0.5454545454545450,In silico,NA,NA,NA,,,NA,NA,NA
1.02E+06,4.91E+05,3116,126,215.12799042916400,7.0800753,Lipids and lipid-like molecules,superclass,0.5454545454545450,In silico,C11H18O4,1.000,NA,,,NA,NA,NA
1.03E+07,2.35E+06,3119,702,215.14321355823900,10.949075,Unknown,NA,NA,NA,C15H18O,1.000,Isoalantolactone,,,Orbitrap,C=C1C(=O)OC2CC3(C)CCCC(=C)C3CC12,"InChI=1S/C15H20O2/c1-9-5-4-6-15(3)8-13-11(7-12(9)15)10(2)14(16)17-13/h11-13H,1-2,4-8H2,3H3/t11?,12-,13?,15+/m0/s1"
3.65E+05,1.41E+05,3120,12279,215.14322545765200,10.800235,Lipids and lipid-like molecules;Prenol lipids;Terpene lactones,subclass,1,Library,C15H18O,1.000,Isoalantolactone,Good,https://gnps.ucsd.edu/ProteoSAFe/result.jsp?task=955b2e3bd17c4f39b5f9bccfb43c00e1&view=view_all_annotations_DB#%7B%22main.%23Scan%23_lowerinput%22%3A%223120%22%2C%22main.%23Scan%23_upperinput%22%3A%223120%22%7D,Orbitrap,C=C1C(=O)OC2CC3(C)CCCC(=C)C3CC12,"InChI=1S/C15H20O2/c1-9-5-4-6-15(3)8-13-11(7-12(9)15)10(2)14(16)17-13/h11-13H,1-2,4-8H2,3H3/t11?,12-,13?,15+/m0/s1"
3.65E+05,1.41E+05,3122,12279,215.1432542079220,10.640607,Lipids and lipid-like molecules;Prenol lipids;Terpene lactones,subclass,1,Library,C15H18O,1.000,Isoalantolactone,Good,https://gnps.ucsd.edu/ProteoSAFe/result.jsp?task=955b2e3bd17c4f39b5f9bccfb43c00e1&view=view_all_annotations_DB#%7B%22main.%23Scan%23_lowerinput%22%3A%223120%22%2C%22main.%23Scan%23_upperinput%22%3A%223120%22%7D,Orbitrap,C=C1C(=O)OC2CC3(C)CCCC(=C)C3CC12,"InChI=1S/C15H20O2/c1-9-5-4-6-15(3)8-13-11(7-12(9)15)10(2)14(16)17-13/h11-13H,1-2,4-8H2,3H3/t11?,12-,13?,15+/m0/s1"
5.87E+05,2.82E+05,3516,1885,221.11731740310000,8.8268175,Lipids and lipid-like molecules,superclass,0.6666666666666670,In silico,NA,NA,NA,,,NA,NA,NA
5.87E+05,2.82E+05,3563,1885,221.153702549538,8.856012,Lipids and lipid-like molecules,superclass,0.6666666666666670,In silico,C14H20O2,1.000,NA,,,NA,NA,NA
1.74E+06,4.79E+05,3567,142,221.15373404769400,8.258457,Lipids and lipid-like molecules;Prenol lipids,class,1,In silico,C14H20O2,1.000,NA,,,NA,NA,NA
5.87E+05,2.82E+05,3569,1885,221.15374403230400,9.070882,Lipids and lipid-like molecules,superclass,0.6666666666666670,In silico,C14H20O2,1.000,NA,,,NA,NA,NA
1.74E+06,4.79E+05,3583,142,221.15377788369000,8.156355,Lipids and lipid-like molecules;Prenol lipids,class,1,In silico,C14H20O2,1.000,NA,,,NA,NA,NA
3.64E+05,1.88E+05,3623,6840,222.11257877487600,5.9670715,Organoheterocyclic compounds;Benzodioxoles,class,1,In silico,NA,NA,NA,,,NA,NA,NA
3.64E+05,1.88E+05,3624,6840,222.11258286845900,6.1777635,Organoheterocyclic compounds;Benzodioxoles,class,1,In silico,C12H15NO3,0.999,NA,,,NA,NA,NA
2.94E+07,1.52E+07,3667,259,223.09649343177400,8.578416,Benzenoids;Benzene and substituted derivatives;Benzoic acids and derivatives,subclass,1,Library,NA,NA,MassbankEU:SM823305 Monoisobutyl phthalate|Isobutyl hydrogen phthalate|2-(2-methylpropoxycarbonyl)benzoic acid,Good,https://gnps.ucsd.edu/ProteoSAFe/result.jsp?task=955b2e3bd17c4f39b5f9bccfb43c00e1&view=view_all_annotations_DB#%7B%22main.%23Scan%23_lowerinput%22%3A%223667%22%2C%22main.%23Scan%23_upperinput%22%3A%223668%22%7D,LC-ESI-QFT,CC(C)COC(=O)C1=CC=CC=C1C(O)=O,"1S/C12H14O4/c1-8(2)7-16-12(15)10-6-4-3-5-9(10)11(13)14/h3-6,8H,7H2,1-2H3,(H,13,14)"
2.94E+07,1.52E+07,3670,259,223.09655524947700,11.113062,Benzenoids;Benzene and substituted derivatives;Benzoic acids and derivatives,subclass,1,Library,C12H14O4,1.000,MassbankEU:SM823305 Monoisobutyl phthalate|Isobutyl hydrogen phthalate|2-(2-methylpropoxycarbonyl)benzoic acid,Good,https://gnps.ucsd.edu/ProteoSAFe/result.jsp?task=955b2e3bd17c4f39b5f9bccfb43c00e1&view=view_all_annotations_DB#%7B%22main.%23Scan%23_lowerinput%22%3A%223667%22%2C%22main.%23Scan%23_upperinput%22%3A%223668%22%7D,LC-ESI-QFT,CC(C)COC(=O)C1=CC=CC=C1C(O)=O,"1S/C12H14O4/c1-8(2)7-16-12(15)10-6-4-3-5-9(10)11(13)14/h3-6,8H,7H2,1-2H3,(H,13,14)"
2.62E+05,4.89E+04,3959,3517,226.09932841332700,8.723868,Organoheterocyclic compounds;Quinolines and derivatives,class,1,In silico,C8H17N3OS,0.603,NA,,,NA,NA,NA
9.02E+05,6.34E+05,4054,12719,227.12779904991800,7.7769876,Organoheterocyclic compounds,superclass,0.6666666666666670,In silico,C10H20O4,1.000,NA,,,NA,NA,NA
9.02E+05,6.34E+05,4073,12719,227.1279139068230,7.653703,Organoheterocyclic compounds,superclass,0.6666666666666670,In silico,C12H18O4,1.000,NA,,,NA,NA,NA
9.02E+05,6.34E+05,4075,12719,227.12791786728300,7.253829,Organoheterocyclic compounds,superclass,0.6666666666666670,In silico,C12H18O4,1.000,NA,,,NA,NA,NA
3.10E+06,1.03E+05,4086,7966,227.1464654127120,8.903445,Lipids and lipid-like molecules;Prenol lipids,class,1,In silico,C13H22OS,1.000,NA,,,NA,NA,NA
3.10E+06,1.03E+05,4088,7966,227.14647797564100,9.074328,Lipids and lipid-like molecules;Prenol lipids,class,1,In silico,C13H22OS,1.000,NA,,,NA,NA,NA
3.10E+06,1.03E+05,4089,7966,227.14650806862300,9.243104,Lipids and lipid-like molecules;Prenol lipids,class,1,In silico,C13H22OS,1.000,NA,,,NA,NA,NA
1.28E+05,4.84E+04,4160,2582,228.1596030786880,7.0241423,"Organic acids and derivatives;Carboxylic acids and derivatives;Amino acids, peptides, and analogues",subclass,1,In silico,C12H21NO3,1.000,NA,,,NA,NA,NA
9.26E+05,2.74E+05,4228,5096,229.10486992313600,2.9827833,Organic acids and derivatives,superclass,0.8,In silico,C11H16O5,1.000,NA,,,NA,NA,NA
6.52E+05,1.61E+05,4268,3695,229.1412746058600,5.94097,"Organic acids and derivatives;Carboxylic acids and derivatives;Amino acids, peptides, and analogues",subclass,1,Library,C10H22O4,1.000,L-Prolyl-L-isoleucine,Ok,https://gnps.ucsd.edu/ProteoSAFe/result.jsp?task=955b2e3bd17c4f39b5f9bccfb43c00e1&view=view_all_annotations_DB#%7B%22main.%23Scan%23_lowerinput%22%3A%224268%22%2C%22main.%23Scan%23_upperinput%22%3A%224268%22%7D,qTof,CC[C@H](C)[C@@H](C(=O)O)NC(=O)[C@@H]1CCCN1,NA
3.19E+06,1.34E+06,4618,583,233.1172520064730,6.9176326,Lipids and lipid-like molecules,superclass,0.8,In silico,C14H16O3,1.000,NA,,,NA,NA,NA
3.19E+06,1.34E+06,4637,583,233.11740294265800,6.9721255,Lipids and lipid-like molecules,superclass,0.8,In silico,C14H20O5,1.000,NA,,,NA,NA,NA
3.19E+06,1.34E+06,4638,583,233.11740426693800,7.128629,Lipids and lipid-like molecules,superclass,0.8,In silico,C14H16O3,1.000,NA,,,NA,NA,NA
3.68E+05,1.37E+05,4639,1084,233.1174286299190,10.015349,Unknown,NA,NA,In silico,C14H16O3,1.000,NA,,,NA,NA,NA
3.19E+06,1.34E+06,4666,583,233.15376397872900,6.951179,Lipids and lipid-like molecules,superclass,0.8,In silico,C15H22O3,1.000,NA,,,NA,NA,NA
3.68E+05,1.37E+05,4675,1084,233.15380045774200,10.280086,Unknown,NA,NA,In silico,C15H20O2,1.000,NA,,,NA,NA,NA
3.19E+06,1.34E+06,4680,583,233.17488285366100,6.9535236,Lipids and lipid-like molecules,superclass,0.8,In silico,C12H24O4,1.000,NA,,,NA,NA,NA
3.19E+06,1.34E+06,4681,583,233.17489223845600,6.8184676,Lipids and lipid-like molecules,superclass,0.8,In silico,C12H24O4,1.000,NA,,,NA,NA,NA
4.62E+05,2.22E+05,4809,8085,235.13242731912200,7.1851606,Organoheterocyclic compounds;Heteroaromatic compounds,class,1,In silico,C14H18O3,1.000,NA,,,NA,NA,NA
4.62E+05,2.22E+05,4811,8085,235.13287859952400,7.120415,Organoheterocyclic compounds;Heteroaromatic compounds,class,1,In silico,C14H18O3,1.000,NA,,,NA,NA,NA
1.58E+05,9.70E+04,5035,9321,237.14865125380000,9.567651,Lipids and lipid-like molecules;Prenol lipids,class,1,In silico,NA,NA,NA,,,NA,NA,NA
1.58E+05,9.70E+04,5049,9321,237.14870674581700,9.939623,Lipids and lipid-like molecules;Prenol lipids,class,1,In silico,C14H20O3,1.000,NA,,,NA,NA,NA
2.51E+06,1.09E+06,5070,3317,237.1850122833390,9.492808,Lipids and lipid-like molecules;Prenol lipids;Monoterpenoids,subclass,1,Library,C15H24O2,1.000,"Massbank:AC000103 5-hydroxyculmorin|(1S,3R,3aS,4R,6R,8aR,9R)-Decahydro-1,5,5,8a-tetramethyl-1,4-methanoazulene-3,6,9-triol",Good,https://gnps.ucsd.edu/ProteoSAFe/result.jsp?task=955b2e3bd17c4f39b5f9bccfb43c00e1&view=view_all_annotations_DB#%7B%22main.%23Scan%23_lowerinput%22%3A%225070%22%2C%22main.%23Scan%23_upperinput%22%3A%225075%22%7D,Hybrid FT,C[C@@]12CC[C@H](C([C@H]3[C@@H]1[C@@H](C[C@@]2(C3O)C)O)(C)C)O,"1S/C15H26O3/c1-13(2)9(17)5-6-14(3)10-8(16)7-15(14,4)12(18)11(10)13/h8-12,16-18H,5-7H2,1-4H3/t8-,9-,10+,11+,12?,14-,15-/m1/s1"
2.51E+06,1.09E+06,5075,3317,237.18505075292000,9.661581,Lipids and lipid-like molecules;Prenol lipids;Monoterpenoids,subclass,1,Library,C15H24O2,1.000,"Massbank:AC000103 5-hydroxyculmorin|(1S,3R,3aS,4R,6R,8aR,9R)-Decahydro-1,5,5,8a-tetramethyl-1,4-methanoazulene-3,6,9-triol",Good,https://gnps.ucsd.edu/ProteoSAFe/result.jsp?task=955b2e3bd17c4f39b5f9bccfb43c00e1&view=view_all_annotations_DB#%7B%22main.%23Scan%23_lowerinput%22%3A%225070%22%2C%22main.%23Scan%23_upperinput%22%3A%225075%22%7D,Hybrid FT,C[C@@]12CC[C@H](C([C@H]3[C@@H]1[C@@H](C[C@@]2(C3O)C)O)(C)C)O,"1S/C15H26O3/c1-13(2)9(17)5-6-14(3)10-8(16)7-15(14,4)12(18)11(10)13/h8-12,16-18H,5-7H2,1-4H3/t8-,9-,10+,11+,12?,14-,15-/m1/s1"
2.51E+06,1.09E+06,5079,3317,237.18508309818900,10.053095,Lipids and lipid-like molecules;Prenol lipids;Monoterpenoids,subclass,1,Library,C15H24O2,1.000,"Massbank:AC000102 5-hydroxyculmorin|(1S,3R,3aS,4R,6R,8aR,9R)-Decahydro-1,5,5,8a-tetramethyl-1,4-methanoazulene-3,6,9-triol",Good,https://gnps.ucsd.edu/ProteoSAFe/result.jsp?task=955b2e3bd17c4f39b5f9bccfb43c00e1&view=view_all_annotations_DB#%7B%22main.%23Scan%23_lowerinput%22%3A%225079%22%2C%22main.%23Scan%23_upperinput%22%3A%225081%22%7D,Hybrid FT,C[C@@]12CC[C@H](C([C@H]3[C@@H]1[C@@H](C[C@@]2(C3O)C)O)(C)C)O,"1S/C15H26O3/c1-13(2)9(17)5-6-14(3)10-8(16)7-15(14,4)12(18)11(10)13/h8-12,16-18H,5-7H2,1-4H3/t8-,9-,10+,11+,12?,14-,15-/m1/s1"
2.51E+06,1.09E+06,5080,3317,237.1850842810830,9.929531,Lipids and lipid-like molecules;Prenol lipids;Monoterpenoids,subclass,1,Library,C15H26O3,1.000,"Massbank:AC000102 5-hydroxyculmorin|(1S,3R,3aS,4R,6R,8aR,9R)-Decahydro-1,5,5,8a-tetramethyl-1,4-methanoazulene-3,6,9-triol",Good,https://gnps.ucsd.edu/ProteoSAFe/result.jsp?task=955b2e3bd17c4f39b5f9bccfb43c00e1&view=view_all_annotations_DB#%7B%22main.%23Scan%23_lowerinput%22%3A%225079%22%2C%22main.%23Scan%23_upperinput%22%3A%225081%22%7D,Hybrid FT,C[C@@]12CC[C@H](C([C@H]3[C@@H]1[C@@H](C[C@@]2(C3O)C)O)(C)C)O,"1S/C15H26O3/c1-13(2)9(17)5-6-14(3)10-8(16)7-15(14,4)12(18)11(10)13/h8-12,16-18H,5-7H2,1-4H3/t8-,9-,10+,11+,12?,14-,15-/m1/s1"
2.51E+06,1.09E+06,5081,3317,237.18508764035000,9.840093,Lipids and lipid-like molecules;Prenol lipids;Monoterpenoids,subclass,1,Library,C15H26O3,1.000,"Massbank:AC000103 5-hydroxyculmorin|(1S,3R,3aS,4R,6R,8aR,9R)-Decahydro-1,5,5,8a-tetramethyl-1,4-methanoazulene-3,6,9-triol",Good,https://gnps.ucsd.edu/ProteoSAFe/result.jsp?task=955b2e3bd17c4f39b5f9bccfb43c00e1&view=view_all_annotations_DB#%7B%22main.%23Scan%23_lowerinput%22%3A%225079%22%2C%22main.%23Scan%23_upperinput%22%3A%225081%22%7D,Hybrid FT,C[C@@]12CC[C@H](C([C@H]3[C@@H]1[C@@H](C[C@@]2(C3O)C)O)(C)C)O,"1S/C15H26O3/c1-13(2)9(17)5-6-14(3)10-8(16)7-15(14,4)12(18)11(10)13/h8-12,16-18H,5-7H2,1-4H3/t8-,9-,10+,11+,12?,14-,15-/m1/s1"
6.60E+05,3.10E+05,5239,954,239.20065659718100,10.766555,Lipids and lipid-like molecules;Prenol lipids;Monoterpenoids,subclass,1,Library,C15H26O2,1.000,Massbank:AC000098 Culmorin,Good,https://gnps.ucsd.edu/ProteoSAFe/result.jsp?task=955b2e3bd17c4f39b5f9bccfb43c00e1&view=view_all_annotations_DB#%7B%22main.%23Scan%23_lowerinput%22%3A%225239%22%2C%22main.%23Scan%23_upperinput%22%3A%225243%22%7D,Hybrid FT,C[C@@]12CCCC([C@H]3[C@@H]1[C@@H](C[C@@]2(C3O)C)O)(C)C,"1S/C15H26O2/c1-13(2)6-5-7-14(3)10-9(16)8-15(14,4)12(17)11(10)13/h9-12,16-17H,5-8H2,1-4H3/t9-,10+,11+,12?,14-,15-/m1/s1"
6.60E+05,3.10E+05,5242,954,239.2006983906260,10.606101,Lipids and lipid-like molecules;Prenol lipids;Monoterpenoids,subclass,1,Library,C15H26O2,1.000,Massbank:AC000098 Culmorin,Good,https://gnps.ucsd.edu/ProteoSAFe/result.jsp?task=955b2e3bd17c4f39b5f9bccfb43c00e1&view=view_all_annotations_DB#%7B%22main.%23Scan%23_lowerinput%22%3A%225239%22%2C%22main.%23Scan%23_upperinput%22%3A%225243%22%7D,Hybrid FT,C[C@@]12CCCC([C@H]3[C@@H]1[C@@H](C[C@@]2(C3O)C)O)(C)C,"1S/C15H26O2/c1-13(2)6-5-7-14(3)10-9(16)8-15(14,4)12(17)11(10)13/h9-12,16-17H,5-8H2,1-4H3/t9-,10+,11+,12?,14-,15-/m1/s1"
6.60E+05,3.10E+05,5243,954,239.20070997750900,10.529141,Lipids and lipid-like molecules;Prenol lipids;Monoterpenoids,subclass,1,Library,C15H26O2,1.000,Massbank:AC000098 Culmorin,Good,https://gnps.ucsd.edu/ProteoSAFe/result.jsp?task=955b2e3bd17c4f39b5f9bccfb43c00e1&view=view_all_annotations_DB#%7B%22main.%23Scan%23_lowerinput%22%3A%225239%22%2C%22main.%23Scan%23_upperinput%22%3A%225243%22%7D,Hybrid FT,C[C@@]12CCCC([C@H]3[C@@H]1[C@@H](C[C@@]2(C3O)C)O)(C)C,"1S/C15H26O2/c1-13(2)6-5-7-14(3)10-9(16)8-15(14,4)12(17)11(10)13/h9-12,16-17H,5-8H2,1-4H3/t9-,10+,11+,12?,14-,15-/m1/s1"
2.79E+06,1.28E+05,5389,261,241.16220879588600,9.905108,Lipids and lipid-like molecules;Prenol lipids,class,1,In silico,C14H24OS,1.000,NA,,,NA,NA,NA
2.79E+06,1.28E+05,5391,261,241.1622187088600,10.096175,Lipids and lipid-like molecules;Prenol lipids,class,1,In silico,C14H24OS,1.000,NA,,,NA,NA,NA
2.79E+06,1.28E+05,5399,261,241.17990479614100,9.904561,Lipids and lipid-like molecules;Prenol lipids,class,1,In silico,NA,NA,NA,,,NA,NA,NA
3.13E+05,1.69E+05,6009,10874,247.16939076145000,8.926414,Lipids and lipid-like molecules,superclass,1,In silico,NA,NA,NA,,,NA,NA,NA
3.13E+05,1.69E+05,6013,10874,247.16940310427400,9.128485,Lipids and lipid-like molecules,superclass,1,In silico,C16H22O2,1.000,NA,,,NA,NA,NA
3.13E+05,1.69E+05,6015,10874,247.16941911191600,9.249295,Lipids and lipid-like molecules,superclass,1,In silico,C16H22O2,1.000,NA,,,NA,NA,NA
3.13E+05,1.69E+05,6017,10874,247.16942418538100,9.30803,Lipids and lipid-like molecules,superclass,1,In silico,C16H22O2,1.000,NA,,,NA,NA,NA
3.19E+06,1.34E+06,6306,583,250.20139275135300,6.9587693,Lipids and lipid-like molecules,superclass,0.8,In silico,C12H24O4,1.000,NA,,,NA,NA,NA
1.68E+05,2.85E+04,6349,2741,251.12547690496700,4.1625032,Lipids and lipid-like molecules,superclass,1,In silico,C12H20O4,1.000,NA,,,NA,NA,NA
1.68E+05,2.85E+04,6351,2741,251.1261017530400,4.054628,Lipids and lipid-like molecules,superclass,1,In silico,C12H20O4,1.000,NA,,,NA,NA,NA
2.94E+07,1.52E+07,6380,259,251.1280122116590,10.07246,Benzenoids;Benzene and substituted derivatives;Benzoic acids and derivatives,subclass,1,Library,NA,NA,"Massbank:RP019702 Dipropylphthalate|Dipropyl phthalate|dipropyl benzene-1,2-dicarboxylate",Ok,https://gnps.ucsd.edu/ProteoSAFe/result.jsp?task=955b2e3bd17c4f39b5f9bccfb43c00e1&view=view_all_annotations_DB#%7B%22main.%23Scan%23_lowerinput%22%3A%226380%22%2C%22main.%23Scan%23_upperinput%22%3A%226380%22%7D,qTof,CCCOC(=O)c1ccccc1C(=O)OCCC,"1S/C14H18O4/c1-3-9-17-13(15)11-7-5-6-8-12(11)14(16)18-10-4-2/h5-8H,3-4,9-10H2,1-2H3"
3.42E+05,1.39E+05,6409,1752,251.16427498124400,9.002123,Lipids and lipid-like molecules;Prenol lipids;Sesquiterpenoids,subclass,1,In silico,C15H22O3,1.000,NA,,,NA,NA,NA
1.13E+06,5.96E+05,6412,6580,251.16430529862200,10.770559,Lipids and lipid-like molecules;Prenol lipids;Sesquiterpenoids,subclass,1,In silico,C15H22O3,1.000,NA,,,NA,NA,NA
3.42E+05,1.39E+05,6413,1752,251.16430592816100,9.176454,Lipids and lipid-like molecules;Prenol lipids;Sesquiterpenoids,subclass,1,In silico,C15H22O3,1.000,NA,,,NA,NA,NA
1.13E+06,5.96E+05,6418,6580,251.1643222883490,10.612612,Lipids and lipid-like molecules;Prenol lipids;Sesquiterpenoids,subclass,1,In silico,C15H22O3,1.000,NA,,,NA,NA,NA
4.65E+05,1.95E+05,6422,590,251.1643413617290,9.640509,Lipids and lipid-like molecules;Prenol lipids;Sesquiterpenoids,subclass,1,In silico,C15H22O3,1.000,NA,,,NA,NA,NA
4.65E+05,1.95E+05,6427,590,251.1643694217000,9.821346,Lipids and lipid-like molecules;Prenol lipids;Sesquiterpenoids,subclass,1,In silico,C15H22O3,1.000,NA,,,NA,NA,NA
4.30E+05,1.98E+05,6445,141,251.20067070012900,10.841916,Lipids and lipid-like molecules,superclass,1,In silico,C16H26O2,1.000,(3aR)-(+)-Sclareolide,,,Orbitrap,CC1(C)CCCC2(C)C1CCC1(C)OC(=O)CC12,"InChI=1S/C16H26O2/c1-14(2)7-5-8-15(3)11(14)6-9-16(4)12(15)10-13(17)18-16/h11-12H,5-10H2,1-4H3/t11?,12?,15-,16?/m0/s1"
4.30E+05,1.98E+05,6448,141,251.20068170481500,10.659012,Lipids and lipid-like molecules,superclass,1,In silico,C16H26O2,1.000,(3aR)-(+)-Sclareolide,,,Orbitrap,CC1(C)CCCC2(C)C1CCC1(C)OC(=O)CC12,"InChI=1S/C16H26O2/c1-14(2)7-5-8-15(3)11(14)6-9-16(4)12(15)10-13(17)18-16/h11-12H,5-10H2,1-4H3/t11?,12?,15-,16?/m0/s1"
1.25E+06,6.59E+05,6628,3022,253.17995250750400,10.889567,Lipids and lipid-like molecules;Prenol lipids;Sesquiterpenoids,subclass,1,Library,C15H24O3,1.000,"Massbank:AC000282 Walleminone|(1R,4S,5S,6R,9R)-5,6-dihydroxy-4,11,11-trimethyl-8-methylidenebicyclo[7.2.0]undecan-3-one",Good,https://gnps.ucsd.edu/ProteoSAFe/result.jsp?task=955b2e3bd17c4f39b5f9bccfb43c00e1&view=view_all_annotations_DB#%7B%22main.%23Scan%23_lowerinput%22%3A%226628%22%2C%22main.%23Scan%23_upperinput%22%3A%226628%22%7D,Hybrid FT,C[C@H]1[C@@H]([C@@H](CC(=C)[C@@H]2CC([C@@H]2CC1=O)(C)C)O)O,"1S/C15H24O3/c1-8-5-13(17)14(18)9(2)12(16)6-11-10(8)7-15(11,3)4/h9-11,13-14,17-18H,1,5-7H2,2-4H3/t9-,10+,11-,13-,14+/m1/s1"
2.39E+06,1.20E+06,6642,2957,253.18000906897800,10.304358,Lipids and lipid-like molecules;Prenol lipids;Sesquiterpenoids,subclass,1,Library,C15H24O3,1.000,"Massbank:AC000280 Walleminone|(1R,4S,5S,6R,9R)-5,6-dihydroxy-4,11,11-trimethyl-8-methylidenebicyclo[7.2.0]undecan-3-one",Good,https://gnps.ucsd.edu/ProteoSAFe/result.jsp?task=955b2e3bd17c4f39b5f9bccfb43c00e1&view=view_all_annotations_DB#%7B%22main.%23Scan%23_lowerinput%22%3A%226642%22%2C%22main.%23Scan%23_upperinput%22%3A%226642%22%7D,Hybrid FT,C[C@H]1[C@@H]([C@@H](CC(=C)[C@@H]2CC([C@@H]2CC1=O)(C)C)O)O,"1S/C15H24O3/c1-8-5-13(17)14(18)9(2)12(16)6-11-10(8)7-15(11,3)4/h9-11,13-14,17-18H,1,5-7H2,2-4H3/t9-,10+,11-,13-,14+/m1/s1"
1.24E+05,5.86E+04,7029,6051,257.1285660220330,8.014707,Benzenoids;Benzene and substituted derivatives,class,1,In silico,C15H16N2O2,1.000,NA,,,NA,NA,NA
7.50E+05,3.51E+05,7869,988,264.1958767119220,5.3644366,Benzenoids,superclass,0.5714285714285710,Library,C16H25NO2,1.000,"Massbank:EA256709 Tramadol|(1R,2R)-2-(dimethylaminomethyl)-1-(3-methoxyphenyl)-1-cyclohexanol",Good,https://gnps.ucsd.edu/ProteoSAFe/result.jsp?task=955b2e3bd17c4f39b5f9bccfb43c00e1&view=view_all_annotations_DB#%7B%22main.%23Scan%23_lowerinput%22%3A%227869%22%2C%22main.%23Scan%23_upperinput%22%3A%227874%22%7D,LC-ESI-ITFT,COC1=CC=CC(=C1)[C@@]2(O)CCCC[C@@H]2CN(C)C,"1S/C16H25NO2/c1-17(2)12-14-7-4-5-10-16(14,18)13-8-6-9-15(11-13)19-3/h6,8-9,11,14,18H,4-5,7,10,12H2,1-3H3/t14-,16+/m1/s1"
7.50E+05,3.51E+05,7871,988,264.19588446660400,4.5134997,Benzenoids,superclass,0.5714285714285710,Library,C16H25NO2,1.000,MassbankEU:ET190105 VEN_264.1959_10.8|O-Desmethylvenlafaxine|4-[2-(dimethylamino)-1-(1-hydroxycyclohexyl)ethyl]phenol,Good,https://gnps.ucsd.edu/ProteoSAFe/result.jsp?task=955b2e3bd17c4f39b5f9bccfb43c00e1&view=view_all_annotations_DB#%7B%22main.%23Scan%23_lowerinput%22%3A%227869%22%2C%22main.%23Scan%23_upperinput%22%3A%227874%22%7D,LC-ESI-QFT,CN(C)CC(C1=CC=C(O)C=C1)C1(O)CCCCC1,"1S/C16H25NO2/c1-17(2)12-15(13-6-8-14(18)9-7-13)16(19)10-4-3-5-11-16/h6-9,15,18-19H,3-5,10-12H2,1-2H3"
7.50E+05,3.51E+05,7872,988,264.19589045876100,4.759329,Benzenoids,superclass,0.5714285714285710,Library,C16H22O2,1.000,MassbankEU:ET190105 VEN_264.1959_10.8|O-Desmethylvenlafaxine|4-[2-(dimethylamino)-1-(1-hydroxycyclohexyl)ethyl]phenol,Good,https://gnps.ucsd.edu/ProteoSAFe/result.jsp?task=955b2e3bd17c4f39b5f9bccfb43c00e1&view=view_all_annotations_DB#%7B%22main.%23Scan%23_lowerinput%22%3A%227869%22%2C%22main.%23Scan%23_upperinput%22%3A%227874%22%7D,LC-ESI-QFT,CN(C)CC(C1=CC=C(O)C=C1)C1(O)CCCCC1,"1S/C16H25NO2/c1-17(2)12-15(13-6-8-14(18)9-7-13)16(19)10-4-3-5-11-16/h6-9,15,18-19H,3-5,10-12H2,1-2H3"
7.50E+05,3.51E+05,7874,988,264.1958976466310,4.9679155,Benzenoids,superclass,0.5714285714285710,Library,C16H25NO2,1.000,MassbankEU:ET190105 VEN_264.1959_10.8|O-Desmethylvenlafaxine|4-[2-(dimethylamino)-1-(1-hydroxycyclohexyl)ethyl]phenol,Good,https://gnps.ucsd.edu/ProteoSAFe/result.jsp?task=955b2e3bd17c4f39b5f9bccfb43c00e1&view=view_all_annotations_DB#%7B%22main.%23Scan%23_lowerinput%22%3A%227869%22%2C%22main.%23Scan%23_upperinput%22%3A%227874%22%7D,LC-ESI-QFT,CN(C)CC(C1=CC=C(O)C=C1)C1(O)CCCCC1,"1S/C16H25NO2/c1-17(2)12-15(13-6-8-14(18)9-7-13)16(19)10-4-3-5-11-16/h6-9,15,18-19H,3-5,10-12H2,1-2H3"
4.40E+05,1.17E+05,8011,6483,265.1799619725060,10.934845,Lipids and lipid-like molecules;Prenol lipids;Sesquiterpenoids,subclass,1,In silico,C16H24O3,1.000,NA,,,NA,NA,NA
4.40E+05,1.17E+05,8012,6483,265.17996303143000,10.8234215,Lipids and lipid-like molecules;Prenol lipids;Sesquiterpenoids,subclass,1,In silico,C16H24O3,1.000,NA,,,NA,NA,NA
3.95E+05,1.42E+05,8466,896,269.17479629380900,8.379486,Lipids and lipid-like molecules;Prenol lipids;Monoterpenoids,subclass,1,Library,C15H24O4,1.000,3-[4-methyl-1-(2-methylpropanoyl)-3-oxocyclohexyl]butanoic acid,Good,https://gnps.ucsd.edu/ProteoSAFe/result.jsp?task=955b2e3bd17c4f39b5f9bccfb43c00e1&view=view_all_annotations_DB#%7B%22main.%23Scan%23_lowerinput%22%3A%228466%22%2C%22main.%23Scan%23_upperinput%22%3A%228466%22%7D,ESI-QFT,N/A,"InChI=1S/C15H24O4/c1-9(2)14(19)15(11(4)7-13(17)18)6-5-10(3)12(16)8-15/h9-11H,5-8H2,1-4H3,(H,17,18)"
1.02E+06,4.91E+05,8790,126,271.1906330868450,10.148498,Lipids and lipid-like molecules,superclass,0.5454545454545450,In silico,C15H26O4,1.000,NA,,,NA,NA,NA
4.52E+07,1.77E+06,8805,409,271.20577809300500,10.989069,Lipids and lipid-like molecules;Steroids and steroid derivatives;Androstane steroids,subclass,1,Library,C19H26O,1.000,Dehydroepiandrosterone,Good,https://gnps.ucsd.edu/ProteoSAFe/result.jsp?task=955b2e3bd17c4f39b5f9bccfb43c00e1&view=view_all_annotations_DB#%7B%22main.%23Scan%23_lowerinput%22%3A%228805%22%2C%22main.%23Scan%23_upperinput%22%3A%228805%22%7D,Orbitrap,CC12CCC3C(CC=C4CC(O)CCC43C)C1CCC2=O,"InChI=1S/C19H28O2/c1-18-9-7-13(20)11-12(18)3-4-14-15-5-6-17(21)19(15,2)10-8-16(14)18/h3,13-16,20H,4-11H2,1-2H3/t13-,14-,15-,16-,18-,19-/m0/s1"
7.89E+04,3.65E+04,8917,5185,272.22226595247700,9.811713,Lipids and lipid-like molecules;Prenol lipids;Sesquiterpenoids,subclass,1,In silico,C15H26O3,1.000,NA,,,NA,NA,NA
6.62E+04,2.51E+03,9169,1109,274.20135579291200,5.9594936,Organoheterocyclic compounds;Piperidines,class,1,In silico,C14H27NO4,1.000,NA,,,NA,NA,NA
1.50E+06,4.81E+05,9519,5333,277.14366348391800,9.592611,Organic oxygen compounds;Organooxygen compounds,class,0.8333333333333330,In silico,C16H20O4,1.000,NA,,,NA,NA,NA
1.50E+06,4.81E+05,9528,5333,277.1437187858460,9.728727,Organic oxygen compounds;Organooxygen compounds,class,0.8333333333333330,In silico,NA,NA,NA,,,NA,NA,NA
1.50E+06,4.81E+05,9531,5333,277.1437264682080,9.874518,Organic oxygen compounds;Organooxygen compounds,class,0.8333333333333330,In silico,C16H20O4,1.000,NA,,,NA,NA,NA
1.50E+06,4.81E+05,9532,5333,277.1437291967770,9.926406,Organic oxygen compounds;Organooxygen compounds,class,0.8333333333333330,In silico,C16H22O5,1.000,NA,,,NA,NA,NA
1.50E+06,4.81E+05,9533,5333,277.1437382197690,10.118503,Organic oxygen compounds;Organooxygen compounds,class,0.8333333333333330,In silico,C16H20O4,1.000,NA,,,NA,NA,NA
1.50E+06,4.81E+05,9583,5333,277.1801070228170,10.083828,Organic oxygen compounds;Organooxygen compounds,class,0.8333333333333330,In silico,C17H24O3,1.000,NA,,,NA,NA,NA
2.94E+07,1.52E+07,9792,259,279.1591870668190,11.145077,Benzenoids;Benzene and substituted derivatives;Benzoic acids and derivatives,subclass,1,Library,C16H22O4,1.000,Spectral Match to Dibutyl phthalate from NIST14,Good,https://gnps.ucsd.edu/ProteoSAFe/result.jsp?task=955b2e3bd17c4f39b5f9bccfb43c00e1&view=view_all_annotations_DB#%7B%22main.%23Scan%23_lowerinput%22%3A%229792%22%2C%22main.%23Scan%23_upperinput%22%3A%229799%22%7D,QQQ,CCCCOC(=O)C1=CC=CC=C1C(=O)OCCCC,"InChI=1S/C16H22O4/c1-3-5-11-19-15(17)13-9-7-8-10-14(13)16(18)20-12-6-4-2/h7-10H,3-6,11-12H2,1-2H3"
2.94E+07,1.52E+07,9799,259,279.15928448789700,10.712716,Benzenoids;Benzene and substituted derivatives;Benzoic acids and derivatives,subclass,1,Library,C16H22O4,1.000,MoNA:936691 DBP,Good,https://gnps.ucsd.edu/ProteoSAFe/result.jsp?task=955b2e3bd17c4f39b5f9bccfb43c00e1&view=view_all_annotations_DB#%7B%22main.%23Scan%23_lowerinput%22%3A%229792%22%2C%22main.%23Scan%23_upperinput%22%3A%229799%22%7D,LC-ESI-QFT,N/A,"InChI=1S/C16H22O4/c1-3-5-11-19-15(17)13-9-7-8-10-14(13)16(18)20-12-6-4-2/h7-10H,3-6,11-12H2,1-2H3"
2.22E+05,5.04E+04,9802,847,279.15931536792100,8.150111,Lipids and lipid-like molecules;Prenol lipids;Sesquiterpenoids,subclass,1,In silico,C16H22O4,1.000,NA,,,NA,NA,NA
7.32E+05,2.31E+05,10148,2059,281.21124731561900,10.993856,Lipids and lipid-like molecules;Fatty Acyls;Lineolic acids and derivatives,subclass,1,In silico,C17H28O3,1.000,NA,,,NA,NA,NA
7.32E+05,2.31E+05,10151,2059,281.2112867395590,10.843016,Lipids and lipid-like molecules;Fatty Acyls;Lineolic acids and derivatives,subclass,1,In silico,C17H28O3,1.000,NA,,,NA,NA,NA
6.25E+05,8.61E+04,10580,1801,284.96133484458400,7.9953976,Organic acids and derivatives;Organic phosphoric acids and derivatives;Phosphate esters,subclass,1,Library,C5H7N2O6P3,0.753,MassbankEU:SM825201 Tris(2-chloroethyl)phosphate|Tris(2-chloroethyl) phosphate,Good,https://gnps.ucsd.edu/ProteoSAFe/result.jsp?task=955b2e3bd17c4f39b5f9bccfb43c00e1&view=view_all_annotations_DB#%7B%22main.%23Scan%23_lowerinput%22%3A%2210580%22%2C%22main.%23Scan%23_upperinput%22%3A%2210580%22%7D,LC-ESI-QFT,ClCCOP(=O)(OCCCl)OCCCl,"1S/C6H12Cl3O4P/c7-1-4-11-14(10,12-5-2-8)13-6-3-9/h1-6H2"
1.02E+06,4.91E+05,10677,126,285.18507704111600,10.799493,Lipids and lipid-like molecules,superclass,0.5454545454545450,In silico,C17H26O2,1.000,NA,,,NA,NA,NA
1.02E+06,4.91E+05,10694,126,285.20600070646100,10.886381,Lipids and lipid-like molecules,superclass,0.5454545454545450,In silico,C16H28O4,1.000,NA,,,NA,NA,NA
1.12E+05,1.13E+04,11354,5589,290.24806166220000,7.911484,Lipids and lipid-like molecules,superclass,1,In silico,C19H31NO,0.963,NA,,,NA,NA,NA
9.98E+06,5.89E+06,11481,1876,291.19550740280500,11.259443,Phenylpropanoids and polyketides;Cinnamic acids and derivatives;Cinnamic acid esters,subclass,1,Library,C18H26O3,1.000,Octinoxate,Good,https://gnps.ucsd.edu/ProteoSAFe/result.jsp?task=955b2e3bd17c4f39b5f9bccfb43c00e1&view=view_all_annotations_DB#%7B%22main.%23Scan%23_lowerinput%22%3A%2211481%22%2C%22main.%23Scan%23_upperinput%22%3A%2211488%22%7D,Orbitrap,CCCCC(CC)COC(=O)C=Cc1ccc(OC)cc1,NA
9.98E+06,5.89E+06,11482,1876,291.19551603326000,11.3688545,Phenylpropanoids and polyketides;Cinnamic acids and derivatives;Cinnamic acid esters,subclass,1,Library,NA,NA,Octinoxate,Good,https://gnps.ucsd.edu/ProteoSAFe/result.jsp?task=955b2e3bd17c4f39b5f9bccfb43c00e1&view=view_all_annotations_DB#%7B%22main.%23Scan%23_lowerinput%22%3A%2211481%22%2C%22main.%23Scan%23_upperinput%22%3A%2211488%22%7D,Orbitrap,CCCCC(CC)COC(=O)C=Cc1ccc(OC)cc1,NA
9.98E+06,5.89E+06,11483,1876,291.1955327214310,11.09446,Phenylpropanoids and polyketides;Cinnamic acids and derivatives;Cinnamic acid esters,subclass,1,Library,C18H26O3,1.000,Octinoxate,Good,https://gnps.ucsd.edu/ProteoSAFe/result.jsp?task=955b2e3bd17c4f39b5f9bccfb43c00e1&view=view_all_annotations_DB#%7B%22main.%23Scan%23_lowerinput%22%3A%2211481%22%2C%22main.%23Scan%23_upperinput%22%3A%2211488%22%7D,Orbitrap,CCCCC(CC)COC(=O)C=Cc1ccc(OC)cc1,NA
9.98E+06,5.89E+06,11486,1876,291.19557549784500,10.696545,Phenylpropanoids and polyketides;Cinnamic acids and derivatives;Cinnamic acid esters,subclass,1,Library,C18H26O3,1.000,Octinoxate,Good,https://gnps.ucsd.edu/ProteoSAFe/result.jsp?task=955b2e3bd17c4f39b5f9bccfb43c00e1&view=view_all_annotations_DB#%7B%22main.%23Scan%23_lowerinput%22%3A%2211481%22%2C%22main.%23Scan%23_upperinput%22%3A%2211488%22%7D,Orbitrap,CCCCC(CC)COC(=O)C=Cc1ccc(OC)cc1,NA
9.98E+06,5.89E+06,11488,1876,291.1955892848240,10.834262,Phenylpropanoids and polyketides;Cinnamic acids and derivatives;Cinnamic acid esters,subclass,1,Library,C18H26O3,1.000,Octinoxate,Good,https://gnps.ucsd.edu/ProteoSAFe/result.jsp?task=955b2e3bd17c4f39b5f9bccfb43c00e1&view=view_all_annotations_DB#%7B%22main.%23Scan%23_lowerinput%22%3A%2211481%22%2C%22main.%23Scan%23_upperinput%22%3A%2211488%22%7D,Orbitrap,CCCCC(CC)COC(=O)C=Cc1ccc(OC)cc1,NA
9.98E+06,5.89E+06,11499,1876,291.19565883767000,10.513369,Phenylpropanoids and polyketides;Cinnamic acids and derivatives;Cinnamic acid esters,subclass,1,Library,C18H32O6,1.000,Octinoxate,Good,https://gnps.ucsd.edu/ProteoSAFe/result.jsp?task=955b2e3bd17c4f39b5f9bccfb43c00e1&view=view_all_annotations_DB#%7B%22main.%23Scan%23_lowerinput%22%3A%2211499%22%2C%22main.%23Scan%23_upperinput%22%3A%2211499%22%7D,Orbitrap,CCCCC(CC)COC(=O)C=Cc1ccc(OC)cc1,NA
9.98E+06,5.89E+06,11506,1876,291.195754123601,10.322075,Phenylpropanoids and polyketides;Cinnamic acids and derivatives;Cinnamic acid esters,subclass,1,Library,C18H26O3,1.000,Octinoxate,Good,https://gnps.ucsd.edu/ProteoSAFe/result.jsp?task=955b2e3bd17c4f39b5f9bccfb43c00e1&view=view_all_annotations_DB#%7B%22main.%23Scan%23_lowerinput%22%3A%2211506%22%2C%22main.%23Scan%23_upperinput%22%3A%2211506%22%7D,Orbitrap,CCCCC(CC)COC(=O)C=Cc1ccc(OC)cc1,NA
3.19E+06,1.34E+06,11510,583,291.21681144124300,8.080607,Lipids and lipid-like molecules,superclass,0.8,In silico,C15H30O5,1.000,NA,,,NA,NA,NA
3.06E+06,8.97E+05,11522,5159,291.2530905166090,10.744856,Organic oxygen compounds,superclass,0.6666666666666670,In silico,NA,NA,NA,,,NA,NA,NA
3.06E+06,8.97E+05,11523,5159,291.25308621045500,10.924739,Organic oxygen compounds,superclass,0.6666666666666670,In silico,C16H34O4,1.000,NA,,,NA,NA,NA
1.50E+06,4.81E+05,12008,5333,295.1541690678740,9.765606,Organic oxygen compounds;Organooxygen compounds,class,0.8333333333333330,In silico,C16H22O5,1.000,NA,,,NA,NA,NA
1.02E+06,4.91E+05,12696,126,299.2210807905830,10.646341,Lipids and lipid-like molecules,superclass,0.5454545454545450,In silico,C15H32O4,1.000,NA,,,NA,NA,NA
1.79E+06,5.42E+05,12999,444,301.2162821756180,11.427027,Lipids and lipid-like molecules,superclass,0.7777777777777780,In silico,C20H28O2,1.000,"Spectral Match to (.+/-.)-9-Hydroxy-5Z,7E,11Z,14Z,17Z-eicosapentaenoic acid from NIST14",,,HCD,N/A,N/A
1.79E+06,5.42E+05,13001,444,301.2162997615670,11.550681,Lipids and lipid-like molecules,superclass,0.7777777777777780,In silico,C20H28O2,1.000,"Spectral Match to (.+/-.)-9-Hydroxy-5Z,7E,11Z,14Z,17Z-eicosapentaenoic acid from NIST14",,,HCD,N/A,N/A
3.11E+05,0.00E+00,13044,6479,301.2561432696120,11.729598,Organosulfur compounds;Sulfoxides,class,1,In silico,C18H36OS,1.000,NA,,,NA,NA,NA
5.24E+05,1.20E+05,13543,10809,305.1743024880500,9.951275,Organic oxygen compounds;Organooxygen compounds;Alcohols and polyols,subclass,1,Library,C18H24O4,1.000,"NCGC00380617-01_C16H26O4_1-Oxaspiro[2.5]octan-6-ol, 5-methoxy-4-[(2R,3R)-2-methyl-3-(3-methyl-2-buten-1-yl)oxiranyl]-, (3R,4S,5S,6R)-",Ok,https://gnps.ucsd.edu/ProteoSAFe/result.jsp?task=955b2e3bd17c4f39b5f9bccfb43c00e1&view=view_all_annotations_DB#%7B%22main.%23Scan%23_lowerinput%22%3A%2213543%22%2C%22main.%23Scan%23_upperinput%22%3A%2213543%22%7D,Maxis II HD Q-TOF Bruker,CO[C@@H]1[C@H](O)CCC2(CO2)[C@H]1[C@@]3(C)O[C@@H]3CC=C(C)C,"InChI=1S/C16H26O4/c1-10(2)5-6-12-15(3,20-12)14-13(18-4)11(17)7-8-16(14)9-19-16/h5,11-14,17H,6-9H2,1-4H3/t11-,12-,13-,14-,15+,16?/m1/s1"
5.24E+05,1.20E+05,13544,10809,305.1746702038700,9.825866,Organic oxygen compounds;Organooxygen compounds;Alcohols and polyols,subclass,1,Library,C18H24O4,1.000,"NCGC00380617-01_C16H26O4_1-Oxaspiro[2.5]octan-6-ol, 5-methoxy-4-[(2R,3R)-2-methyl-3-(3-methyl-2-buten-1-yl)oxiranyl]-, (3R,4S,5S,6R)-",Ok,https://gnps.ucsd.edu/ProteoSAFe/result.jsp?task=955b2e3bd17c4f39b5f9bccfb43c00e1&view=view_all_annotations_DB#%7B%22main.%23Scan%23_lowerinput%22%3A%2213543%22%2C%22main.%23Scan%23_upperinput%22%3A%2213543%22%7D,Maxis II HD Q-TOF Bruker,CO[C@@H]1[C@H](O)CCC2(CO2)[C@H]1[C@@]3(C)O[C@@H]3CC=C(C)C,"InChI=1S/C16H26O4/c1-10(2)5-6-12-15(3,20-12)14-13(18-4)11(17)7-8-16(14)9-19-16/h5,11-14,17H,6-9H2,1-4H3/t11-,12-,13-,14-,15+,16?/m1/s1"
3.06E+06,8.97E+05,13637,5159,305.26870363758500,11.217818,Organic oxygen compounds,superclass,0.6666666666666670,In silico,C17H36O4,1.000,NA,,,NA,NA,NA
3.06E+06,8.97E+05,13639,5159,305.26875587631800,11.016617,Organic oxygen compounds,superclass,0.6666666666666670,In silico,C17H36O4,1.000,NA,,,NA,NA,NA
1.20E+05,5.53E+04,13919,6077,307.2632478144700,11.495945,Lipids and lipid-like molecules;Fatty Acyls;Eicosanoids,subclass,1,Library,C20H34O2,1.000,Spectral Match to 15-HEDE from NIST14,Good,https://gnps.ucsd.edu/ProteoSAFe/result.jsp?task=955b2e3bd17c4f39b5f9bccfb43c00e1&view=view_all_annotations_DB#%7B%22main.%23Scan%23_lowerinput%22%3A%2213919%22%2C%22main.%23Scan%23_upperinput%22%3A%2213919%22%7D,qTof,CCCCCC(/C=C/C=C\CCCCCCCCCC(=O)O)O,"InChI=1S/C20H36O3/c1-2-3-13-16-19(21)17-14-11-9-7-5-4-6-8-10-12-15-18-20(22)23/h9,11,14,17,19,21H,2-8,10,12-13,15-16,18H2,1H3,(H,22,23)/b11-9-,17-14+"
3.19E+06,1.34E+06,14013,583,308.24330672665500,8.088695,Lipids and lipid-like molecules,superclass,0.8,In silico,C15H30O5,1.000,NA,,,NA,NA,NA
8.59E+05,5.27E+05,14506,1572,311.22182550575000,10.871659,Lipids and lipid-like molecules;Prenol lipids;Sesquiterpenoids,subclass,1,Library,NA,NA,"(E)-4-[(1R,2S,3S,4R,8aS)-2,3,4-trihydroxy-2,5,5,8a-tetramethyl-3,4,4a,6,7,8-hexahydro-1H-naphthalen-1-yl]but-3-en-2-one",Good,https://gnps.ucsd.edu/ProteoSAFe/result.jsp?task=955b2e3bd17c4f39b5f9bccfb43c00e1&view=view_all_annotations_DB#%7B%22main.%23Scan%23_lowerinput%22%3A%2214506%22%2C%22main.%23Scan%23_upperinput%22%3A%2214506%22%7D,ESI-QFT,N/A,"InChI=1S/C18H30O4/c1-11(19)7-8-12-17(4)10-6-9-16(2,3)14(17)13(20)15(21)18(12,5)22/h7-8,12-15,20-22H,6,9-10H2,1-5H3/b8-7+/t12-,13-,14?,15+,17-,18+/m1/s1"
8.59E+05,5.27E+05,14509,1572,311.22186748197500,10.696907,Lipids and lipid-like molecules;Prenol lipids;Sesquiterpenoids,subclass,1,Library,NA,NA,"(E)-4-[(1R,2S,3S,4R,8aS)-2,3,4-trihydroxy-2,5,5,8a-tetramethyl-3,4,4a,6,7,8-hexahydro-1H-naphthalen-1-yl]but-3-en-2-one",Good,https://gnps.ucsd.edu/ProteoSAFe/result.jsp?task=955b2e3bd17c4f39b5f9bccfb43c00e1&view=view_all_annotations_DB#%7B%22main.%23Scan%23_lowerinput%22%3A%2214509%22%2C%22main.%23Scan%23_upperinput%22%3A%2214509%22%7D,ESI-QFT,N/A,"InChI=1S/C18H30O4/c1-11(19)7-8-12-17(4)10-6-9-16(2,3)14(17)13(20)15(21)18(12,5)22/h7-8,12-15,20-22H,6,9-10H2,1-5H3/b8-7+/t12-,13-,14?,15+,17-,18+/m1/s1"
5.32E+05,8.40E+04,14822,5704,313.2161316218440,11.313113,Lipids and lipid-like molecules;Steroids and steroid derivatives;Pregnane steroids,subclass,1,Library,NA,NA,"MassbankEU:SM874701 Dydrogesterone|(8S,9R,10S,13S,14S,17S)-17-acetyl-10,13-dimethyl-1,2,8,9,11,12,14,15,16,17-decahydrocyclopenta[a]phenanthren-3-one",Good,https://gnps.ucsd.edu/ProteoSAFe/result.jsp?task=955b2e3bd17c4f39b5f9bccfb43c00e1&view=view_all_annotations_DB#%7B%22main.%23Scan%23_lowerinput%22%3A%2214822%22%2C%22main.%23Scan%23_upperinput%22%3A%2214822%22%7D,LC-ESI-QFT,CC(=O)[C@H]1CC[C@H]2[C@@H]3C=CC4=CC(=O)CC[C@@]4(C)[C@@H]3CC[C@]12C,"1S/C21H28O2/c1-13(22)17-6-7-18-16-5-4-14-12-15(23)8-10-20(14,2)19(16)9-11-21(17,18)3/h4-5,12,16-19H,6-11H2,1-3H3/t16-,17+,18-,19+,20+,21+/m0/s1"
3.42E+06,2.05E+06,15339,1293,317.0537382609700,10.947659,Benzenoids,superclass,0.625,In silico,C15H19OPS,1.000,NA,,,NA,NA,NA
1.39E+05,7.68E+04,15472,6142,317.2110972978240,8.541678,Lipids and lipid-like molecules;Prenol lipids;Diterpenoids,subclass,1,In silico,NA,NA,NA,,,NA,NA,NA
1.39E+05,7.68E+04,15473,6142,317.2111480557280,8.637218,Lipids and lipid-like molecules;Prenol lipids;Diterpenoids,subclass,1,In silico,C20H28O3,1.000,NA,,,NA,NA,NA
3.42E+06,2.05E+06,15643,1293,319.0516615658380,10.972695,Benzenoids,superclass,0.625,In silico,C14H17O4P,0.774,NA,,,NA,NA,NA
1.79E+06,5.42E+05,15800,444,319.22676217589000,11.378314,Lipids and lipid-like molecules,superclass,0.7777777777777780,In silico,C20H30O3,1.000,NA,,,NA,NA,NA
1.79E+06,5.42E+05,15808,444,319.22691953599500,11.454361,Lipids and lipid-like molecules,superclass,0.7777777777777780,In silico,C20H30O3,1.000,NA,,,NA,NA,NA
1.79E+06,5.42E+05,15812,444,319.22697098878000,11.583546,Lipids and lipid-like molecules,superclass,0.7777777777777780,In silico,C20H30O3,1.000,NA,,,NA,NA,NA
1.46E+05,5.23E+04,16314,4999,323.14860264148600,9.9565,Benzenoids;Benzene and substituted derivatives;Benzyl alcohols,subclass,1,Library,C15H24O6,1.000,"1-[4,5-bis(hydroxymethyl)-3-methoxy-2-methylphenoxy]-3-methylbutane-2,3-diol",Good,https://gnps.ucsd.edu/ProteoSAFe/result.jsp?task=955b2e3bd17c4f39b5f9bccfb43c00e1&view=view_all_annotations_DB#%7B%22main.%23Scan%23_lowerinput%22%3A%2216314%22%2C%22main.%23Scan%23_upperinput%22%3A%2216314%22%7D,ESI-QFT,N/A,"InChI=1S/C15H24O6/c1-9-12(21-8-13(18)15(2,3)19)5-10(6-16)11(7-17)14(9)20-4/h5,13,16-19H,6-8H2,1-4H3"
1.18E+05,6.79E+04,16342,5852,323.16018700899000,5.3039026,Benzenoids;Phenols;1-hydroxy-2-unsubstituted benzenoids,subclass,1,In silico,C19H24O3,1.000,NA,,,NA,NA,NA
3.88E+07,1.22E+07,16933,2629,327.0083789907780,9.830492,Organic acids and derivatives;Organic phosphoric acids and derivatives;Phosphate esters,subclass,1,Library,C11H15O4P3,0.983,0327_Tris(1-chloro-2-propyl)phosphate,Good,https://gnps.ucsd.edu/ProteoSAFe/result.jsp?task=955b2e3bd17c4f39b5f9bccfb43c00e1&view=view_all_annotations_DB#%7B%22main.%23Scan%23_lowerinput%22%3A%2216933%22%2C%22main.%23Scan%23_upperinput%22%3A%2216934%22%7D,Orbitrap,CC(CCl)OP(=O)(OC(C)CCl)OC(C)CCl,"""InChI=1S/C9H18Cl3O4P/c1-7(4-10)14-17(13,15-8(2)5-11)16-9(3)6-12/h7-9H,4-6H2,1-3H3"""
3.88E+07,1.22E+07,16934,2629,327.0083915294110,9.887858,Organic acids and derivatives;Organic phosphoric acids and derivatives;Phosphate esters,subclass,1,Library,C11H15O4P3,0.978,0327_Tris(1-chloro-2-propyl)phosphate,Good,https://gnps.ucsd.edu/ProteoSAFe/result.jsp?task=955b2e3bd17c4f39b5f9bccfb43c00e1&view=view_all_annotations_DB#%7B%22main.%23Scan%23_lowerinput%22%3A%2216933%22%2C%22main.%23Scan%23_upperinput%22%3A%2216934%22%7D,Orbitrap,CC(CCl)OP(=O)(OC(C)CCl)OC(C)CCl,"""InChI=1S/C9H18Cl3O4P/c1-7(4-10)14-17(13,15-8(2)5-11)16-9(3)6-12/h7-9H,4-6H2,1-3H3"""
7.69E+05,7.82E+04,17638,1512,331.1904724696590,11.000693,Lipids and lipid-like molecules,superclass,1,In silico,C18H28O4,1.000,NA,,,NA,NA,NA
2.16E+05,8.62E+04,17656,486,331.1906822427180,10.457623,Lipids and lipid-like molecules;Prenol lipids;Terpene lactones,subclass,1,In silico,C20H26O4,1.000,NA,,,NA,NA,NA
5.59E+06,1.10E+06,17659,3352,331.190683609268,9.810773,Lipids and lipid-like molecules;Prenol lipids;Diterpenoids,subclass,1,Library,C20H26O4,1.000,ingenol,Good,https://gnps.ucsd.edu/ProteoSAFe/result.jsp?task=955b2e3bd17c4f39b5f9bccfb43c00e1&view=view_all_annotations_DB#%7B%22main.%23Scan%23_lowerinput%22%3A%2217659%22%2C%22main.%23Scan%23_upperinput%22%3A%2217660%22%7D,Orbitrap,CC1=CC23C(=O)C(C=C(CO)C(O)C2(O)C1O)C1C(CC3C)C1(C)C,"InChI=1S/C20H28O5/c1-9-7-19-10(2)5-13-14(18(13,3)4)12(17(19)24)6-11(8-21)16(23)20(19,25)15(9)22/h6-7,10,12-16,21-23,25H,5,8H2,1-4H3/t10-,12?,13-,14+,15+,16-,19?,20-/m1/s1"
5.59E+06,1.10E+06,17660,3352,331.1906898666320,9.719346,Lipids and lipid-like molecules;Prenol lipids;Diterpenoids,subclass,1,Library,C20H26O4,1.000,ingenol,Good,https://gnps.ucsd.edu/ProteoSAFe/result.jsp?task=955b2e3bd17c4f39b5f9bccfb43c00e1&view=view_all_annotations_DB#%7B%22main.%23Scan%23_lowerinput%22%3A%2217659%22%2C%22main.%23Scan%23_upperinput%22%3A%2217660%22%7D,Orbitrap,CC1=CC23C(=O)C(C=C(CO)C(O)C2(O)C1O)C1C(CC3C)C1(C)C,"InChI=1S/C20H28O5/c1-9-7-19-10(2)5-13-14(18(13,3)4)12(17(19)24)6-11(8-21)16(23)20(19,25)15(9)22/h6-7,10,12-16,21-23,25H,5,8H2,1-4H3/t10-,12?,13-,14+,15+,16-,19?,20-/m1/s1"
1.42E+06,1.74E+05,18053,6746,333.2062284087380,10.776916,Lipids and lipid-like molecules;Prenol lipids;Diterpenoids,subclass,1,Library,C20H28O4,1.000,"NCGC00347406-02!5-(4-carboxy-3-methylbutyl)-5,6,8a-trimethyl-3-oxo-4a,6,7,8-tetrahydro-4H-naphthalene-1-carboxylic acid [IIN-based on: CCMSLIB00000847900]",Good,https://gnps.ucsd.edu/ProteoSAFe/result.jsp?task=955b2e3bd17c4f39b5f9bccfb43c00e1&view=view_all_annotations_DB#%7B%22main.%23Scan%23_lowerinput%22%3A%2218053%22%2C%22main.%23Scan%23_upperinput%22%3A%2218053%22%7D,Orbitrap,CC(CCC1(C)C(C)CCC2(C)C1CC(=O)C=C2C(O)=O)CC(O)=O,"InChI=1S/C20H30O5/c1-12(9-17(22)23)5-7-19(3)13(2)6-8-20(4)15(18(24)25)10-14(21)11-16(19)20/h10,12-13,16H,5-9,11H2,1-4H3,(H,22,23)(H,24,25)"
5.59E+06,1.10E+06,18058,3352,333.2062587526630,9.952608,Lipids and lipid-like molecules;Prenol lipids;Diterpenoids,subclass,1,Library,C20H28O4,1.000,"NCGC00347406-02!5-(4-carboxy-3-methylbutyl)-5,6,8a-trimethyl-3-oxo-4a,6,7,8-tetrahydro-4H-naphthalene-1-carboxylic acid [IIN-based on: CCMSLIB00000847900]",Good,https://gnps.ucsd.edu/ProteoSAFe/result.jsp?task=955b2e3bd17c4f39b5f9bccfb43c00e1&view=view_all_annotations_DB#%7B%22main.%23Scan%23_lowerinput%22%3A%2218058%22%2C%22main.%23Scan%23_upperinput%22%3A%2218060%22%7D,Orbitrap,CC(CCC1(C)C(C)CCC2(C)C1CC(=O)C=C2C(O)=O)CC(O)=O,"InChI=1S/C20H30O5/c1-12(9-17(22)23)5-7-19(3)13(2)6-8-20(4)15(18(24)25)10-14(21)11-16(19)20/h10,12-13,16H,5-9,11H2,1-4H3,(H,22,23)(H,24,25)"
1.42E+06,1.74E+05,18060,6746,333.2062705454100,10.594328,Lipids and lipid-like molecules;Prenol lipids;Diterpenoids,subclass,1,Library,C20H28O4,1.000,"NCGC00347406-02!5-(4-carboxy-3-methylbutyl)-5,6,8a-trimethyl-3-oxo-4a,6,7,8-tetrahydro-4H-naphthalene-1-carboxylic acid [IIN-based on: CCMSLIB00000847900]",Good,https://gnps.ucsd.edu/ProteoSAFe/result.jsp?task=955b2e3bd17c4f39b5f9bccfb43c00e1&view=view_all_annotations_DB#%7B%22main.%23Scan%23_lowerinput%22%3A%2218058%22%2C%22main.%23Scan%23_upperinput%22%3A%2218060%22%7D,Orbitrap,CC(CCC1(C)C(C)CCC2(C)C1CC(=O)C=C2C(O)=O)CC(O)=O,"InChI=1S/C20H30O5/c1-12(9-17(22)23)5-7-19(3)13(2)6-8-20(4)15(18(24)25)10-14(21)11-16(19)20/h10,12-13,16H,5-9,11H2,1-4H3,(H,22,23)(H,24,25)"
5.59E+06,1.10E+06,18069,3352,333.20631673480300,10.283255,Lipids and lipid-like molecules;Prenol lipids;Diterpenoids,subclass,1,Library,C18H30O4,1.000,"NCGC00347406-02!5-(4-carboxy-3-methylbutyl)-5,6,8a-trimethyl-3-oxo-4a,6,7,8-tetrahydro-4H-naphthalene-1-carboxylic acid [IIN-based on: CCMSLIB00000847900]",Good,https://gnps.ucsd.edu/ProteoSAFe/result.jsp?task=955b2e3bd17c4f39b5f9bccfb43c00e1&view=view_all_annotations_DB#%7B%22main.%23Scan%23_lowerinput%22%3A%2218069%22%2C%22main.%23Scan%23_upperinput%22%3A%2218069%22%7D,Orbitrap,CC(CCC1(C)C(C)CCC2(C)C1CC(=O)C=C2C(O)=O)CC(O)=O,"InChI=1S/C20H30O5/c1-12(9-17(22)23)5-7-19(3)13(2)6-8-20(4)15(18(24)25)10-14(21)11-16(19)20/h10,12-13,16H,5-9,11H2,1-4H3,(H,22,23)(H,24,25)"
1.79E+06,5.42E+05,18081,444,333.24246871659800,11.365625,Lipids and lipid-like molecules,superclass,0.7777777777777780,In silico,C21H32O3,1.000,NA,,,NA,NA,NA
1.79E+06,5.42E+05,18085,444,333.24249315351600,11.650514,Lipids and lipid-like molecules,superclass,0.7777777777777780,In silico,C21H32O3,1.000,NA,,,NA,NA,NA
1.79E+06,5.42E+05,18087,444,333.24251878586900,11.475389,Lipids and lipid-like molecules,superclass,0.7777777777777780,In silico,C21H32O3,1.000,NA,,,NA,NA,NA
1.79E+06,5.42E+05,18090,444,333.24254363848200,11.737623,Lipids and lipid-like molecules,superclass,0.7777777777777780,In silico,C21H32O3,1.000,NA,,,NA,NA,NA
3.42E+06,2.05E+06,20062,1293,345.08481527341100,11.490228,Benzenoids,superclass,0.625,In silico,C18H18NO2S2,1.000,NA,,,NA,NA,NA
3.42E+06,2.05E+06,20063,1293,345.08494415139800,11.3480835,Benzenoids,superclass,0.625,In silico,C18H18NO2S2,1.000,NA,,,NA,NA,NA
3.42E+06,2.05E+06,20400,1293,347.0827761530150,11.477546,Benzenoids,superclass,0.625,In silico,C19H19NOP,0.948,NA,,,NA,NA,NA
3.42E+06,2.05E+06,20401,1293,347.08291160403700,11.344748,Benzenoids,superclass,0.625,In silico,NA,NA,NA,,,NA,NA,NA
3.42E+06,2.05E+06,20570,1293,347.22186283509600,11.390141,Benzenoids,superclass,0.625,In silico,C21H30O4,1.000,NA,,,NA,NA,NA
3.42E+06,2.05E+06,20605,1293,347.25823402286900,11.303317,Benzenoids,superclass,0.625,In silico,C22H34O3,1.000,NA,,,NA,NA,NA
5.59E+06,1.10E+06,21266,3352,351.21670080284900,8.740286,Lipids and lipid-like molecules;Prenol lipids;Diterpenoids,subclass,1,Library,C20H30O5,1.000,"5-(4-carboxy-3-methylbutyl)-5,6,8a-trimethyl-3-oxo-4a,6,7,8-tetrahydro-4H-naphthalene-1-carboxylic acid",Good,https://gnps.ucsd.edu/ProteoSAFe/result.jsp?task=955b2e3bd17c4f39b5f9bccfb43c00e1&view=view_all_annotations_DB#%7B%22main.%23Scan%23_lowerinput%22%3A%2221266%22%2C%22main.%23Scan%23_upperinput%22%3A%2221266%22%7D,ESI-QFT,N/A,"InChI=1S/C20H30O5/c1-12(9-17(22)23)5-7-19(3)13(2)6-8-20(4)15(18(24)25)10-14(21)11-16(19)20/h10,12-13,16H,5-9,11H2,1-4H3,(H,22,23)(H,24,25)"
5.59E+06,1.10E+06,21285,3352,351.21688667122800,10.317981,Lipids and lipid-like molecules;Prenol lipids;Diterpenoids,subclass,1,Library,C20H30O5,1.000,"5-(4-carboxy-3-methylbutyl)-5,6,8a-trimethyl-3-oxo-4a,6,7,8-tetrahydro-4H-naphthalene-1-carboxylic acid",Good,https://gnps.ucsd.edu/ProteoSAFe/result.jsp?task=955b2e3bd17c4f39b5f9bccfb43c00e1&view=view_all_annotations_DB#%7B%22main.%23Scan%23_lowerinput%22%3A%2221285%22%2C%22main.%23Scan%23_upperinput%22%3A%2221291%22%7D,ESI-QFT,N/A,"InChI=1S/C20H30O5/c1-12(9-17(22)23)5-7-19(3)13(2)6-8-20(4)15(18(24)25)10-14(21)11-16(19)20/h10,12-13,16H,5-9,11H2,1-4H3,(H,22,23)(H,24,25)"
5.59E+06,1.10E+06,21289,3352,351.21693368478500,9.900159,Lipids and lipid-like molecules;Prenol lipids;Diterpenoids,subclass,1,Library,C20H30O5,1.000,"5-(4-carboxy-3-methylbutyl)-5,6,8a-trimethyl-3-oxo-4a,6,7,8-tetrahydro-4H-naphthalene-1-carboxylic acid",Good,https://gnps.ucsd.edu/ProteoSAFe/result.jsp?task=955b2e3bd17c4f39b5f9bccfb43c00e1&view=view_all_annotations_DB#%7B%22main.%23Scan%23_lowerinput%22%3A%2221285%22%2C%22main.%23Scan%23_upperinput%22%3A%2221291%22%7D,ESI-QFT,N/A,"InChI=1S/C20H30O5/c1-12(9-17(22)23)5-7-19(3)13(2)6-8-20(4)15(18(24)25)10-14(21)11-16(19)20/h10,12-13,16H,5-9,11H2,1-4H3,(H,22,23)(H,24,25)"
5.59E+06,1.10E+06,21291,3352,351.2169522513910,10.140642,Lipids and lipid-like molecules;Prenol lipids;Diterpenoids,subclass,1,Library,C20H30O5,1.000,"5-(4-carboxy-3-methylbutyl)-5,6,8a-trimethyl-3-oxo-4a,6,7,8-tetrahydro-4H-naphthalene-1-carboxylic acid",Good,https://gnps.ucsd.edu/ProteoSAFe/result.jsp?task=955b2e3bd17c4f39b5f9bccfb43c00e1&view=view_all_annotations_DB#%7B%22main.%23Scan%23_lowerinput%22%3A%2221285%22%2C%22main.%23Scan%23_upperinput%22%3A%2221291%22%7D,ESI-QFT,N/A,"InChI=1S/C20H30O5/c1-12(9-17(22)23)5-7-19(3)13(2)6-8-20(4)15(18(24)25)10-14(21)11-16(19)20/h10,12-13,16H,5-9,11H2,1-4H3,(H,22,23)(H,24,25)"
1.95E+05,3.49E+03,22824,7808,359.27929398101500,11.210608,Lipids and lipid-like molecules;Fatty Acyls;Fatty alcohols,subclass,1,In silico,C20H38O5,1.000,NA,,,NA,NA,NA
3.19E+06,1.34E+06,23983,583,366.28524558122500,9.02395,Lipids and lipid-like molecules,superclass,0.8,In silico,C18H39NO6,0.999,NA,,,NA,NA,NA
7.69E+05,3.56E+05,24887,4305,371.185305825313,9.013869,Lipids and lipid-like molecules;Prenol lipids;Diterpenoids,subclass,1,Library,NA,NA,ingenol,Good,https://gnps.ucsd.edu/ProteoSAFe/result.jsp?task=955b2e3bd17c4f39b5f9bccfb43c00e1&view=view_all_annotations_DB#%7B%22main.%23Scan%23_lowerinput%22%3A%2224887%22%2C%22main.%23Scan%23_upperinput%22%3A%2224887%22%7D,Orbitrap,CC1=CC23C(=O)C(C=C(CO)C(O)C2(O)C1O)C1C(CC3C)C1(C)C,"InChI=1S/C20H28O5/c1-9-7-19-10(2)5-13-14(18(13,3)4)12(17(19)24)6-11(8-21)16(23)20(19,25)15(9)22/h6-7,10,12-16,21-23,25H,5,8H2,1-4H3/t10-,12?,13-,14+,15+,16-,19?,20-/m1/s1"
3.35E+05,1.32E+05,25293,9262,373.2012518580010,9.758829,Lipids and lipid-like molecules;Prenol lipids,class,1,In silico,C20H30O5,1.000,NA,,,NA,NA,NA
7.69E+05,7.82E+04,25296,1512,373.2012609028480,10.173946,Lipids and lipid-like molecules,superclass,1,In silico,C20H30O5,1.000,NA,,,NA,NA,NA
3.35E+05,1.32E+05,25300,9262,373.2012737453510,9.856843,Lipids and lipid-like molecules;Prenol lipids,class,1,In silico,C20H30O5,1.000,NA,,,NA,NA,NA
5.32E+05,8.40E+04,25314,5704,373.23746350408600,11.249566,Lipids and lipid-like molecules;Steroids and steroid derivatives;Pregnane steroids,subclass,1,Library,NA,NA,11-alpha-Acetoxyprogesterone,Good,https://gnps.ucsd.edu/ProteoSAFe/result.jsp?task=955b2e3bd17c4f39b5f9bccfb43c00e1&view=view_all_annotations_DB#%7B%22main.%23Scan%23_lowerinput%22%3A%2225314%22%2C%22main.%23Scan%23_upperinput%22%3A%2225314%22%7D,Orbitrap,CC(=O)OC1CC2(C)C(C(C)=O)CCC2C2CCC3=CC(=O)CCC3(C)C12,"InChI=1S/C23H32O4/c1-13(24)18-7-8-19-17-6-5-15-11-16(26)9-10-22(15,3)21(17)20(27-14(2)25)12-23(18,19)4/h11,17-21H,5-10,12H2,1-4H3/t17-,18+,19-,20+,21+,22-,23+/m0/s1"
5.69E+05,9.80E+03,27096,11030,383.26976494000600,9.736505,Lipids and lipid-like molecules;Steroids and steroid derivatives;Oxosteroids,subclass,1,In silico,C24H34N2O2,1.000,NA,,,NA,NA,NA
5.69E+05,9.80E+03,27099,11030,383.2697963811720,9.822617,Lipids and lipid-like molecules;Steroids and steroid derivatives;Oxosteroids,subclass,1,In silico,C24H34N2O2,1.000,NA,,,NA,NA,NA
6.67E+04,1.56E+04,27798,8997,387.17980359837700,8.468784,Organic oxygen compounds;Organooxygen compounds;Carbonyl compounds,subclass,1,In silico,C20H28O6,1.000,NA,,,NA,NA,NA
1.31E+05,5.28E+04,28958,13490,394.2589528723680,10.631112,Lipids and lipid-like molecules;Prenol lipids;Diterpenoids,subclass,1,In silico,C22H32O5,1.000,NA,,,NA,NA,NA
1.31E+05,5.28E+04,28963,13490,394.2592068904330,10.427493,Lipids and lipid-like molecules;Prenol lipids;Diterpenoids,subclass,1,In silico,C22H32O5,1.000,NA,,,NA,NA,NA
2.94E+05,1.31E+05,30869,617,405.22740170585300,9.717692,Lipids and lipid-like molecules,superclass,0.6666666666666670,In silico,C21H34O6,1.000,NA,,,NA,NA,NA
1.35E+08,1.22E+06,33465,413,422.32694460682900,10.976852,Lipids and lipid-like molecules;Prenol lipids;Diterpenoids,subclass,1,Library,C26H39N5,1.000,B21A21,Good,https://gnps.ucsd.edu/ProteoSAFe/result.jsp?task=955b2e3bd17c4f39b5f9bccfb43c00e1&view=view_all_annotations_DB#%7B%22main.%23Scan%23_lowerinput%22%3A%2233465%22%2C%22main.%23Scan%23_upperinput%22%3A%2233468%22%7D,qTof,N/A,N/A
1.35E+08,1.22E+06,33467,413,422.3271692327140,10.664404,Lipids and lipid-like molecules;Prenol lipids;Diterpenoids,subclass,1,Library,C26H39N5,1.000,B21A21,Good,https://gnps.ucsd.edu/ProteoSAFe/result.jsp?task=955b2e3bd17c4f39b5f9bccfb43c00e1&view=view_all_annotations_DB#%7B%22main.%23Scan%23_lowerinput%22%3A%2233465%22%2C%22main.%23Scan%23_upperinput%22%3A%2233468%22%7D,qTof,N/A,N/A
1.35E+08,1.22E+06,33468,413,422.32741430067200,10.835756,Lipids and lipid-like molecules;Prenol lipids;Diterpenoids,subclass,1,Library,C26H39N5,1.000,B21A21,Good,https://gnps.ucsd.edu/ProteoSAFe/result.jsp?task=955b2e3bd17c4f39b5f9bccfb43c00e1&view=view_all_annotations_DB#%7B%22main.%23Scan%23_lowerinput%22%3A%2233465%22%2C%22main.%23Scan%23_upperinput%22%3A%2233468%22%7D,qTof,N/A,N/A
1.92E+06,5.21E+05,33794,7694,424.99349308223900,11.6497965,Organosulfur compounds;Thioethers;Aryl thioethers,subclass,1,In silico,C18H17O2PS4,1.000,NA,,,NA,NA,NA
1.92E+06,5.21E+05,33795,7694,424.99352476072800,11.571046,Organosulfur compounds;Thioethers;Aryl thioethers,subclass,1,In silico,C18H17O2PS4,1.000,NA,,,NA,NA,NA
1.92E+06,5.21E+05,33796,7694,424.9935510326750,11.719674,Organosulfur compounds;Thioethers;Aryl thioethers,subclass,1,In silico,C18H17O2PS4,1.000,NA,,,NA,NA,NA
9.22E+04,1.53E+04,34813,10261,431.2429752288140,9.342109,Organic oxygen compounds;Organooxygen compounds;Ethers,subclass,1,In silico,C25H34O6,1.000,NA,,,NA,NA,NA
2.94E+05,1.31E+05,35364,617,436.30641554252700,10.080738,Lipids and lipid-like molecules,superclass,0.6666666666666670,In silico,C25H38O5,1.000,NA,,,NA,NA,NA
1.35E+08,1.22E+06,35365,413,436.3064566771260,8.8365,Lipids and lipid-like molecules;Prenol lipids;Diterpenoids,subclass,1,Library,C26H37N5O,1.000,B21A19,Good,https://gnps.ucsd.edu/ProteoSAFe/result.jsp?task=955b2e3bd17c4f39b5f9bccfb43c00e1&view=view_all_annotations_DB#%7B%22main.%23Scan%23_lowerinput%22%3A%2235365%22%2C%22main.%23Scan%23_upperinput%22%3A%2235372%22%7D,qTof,N/A,N/A
1.35E+08,1.22E+06,35366,413,436.30649608155300,9.264345,Lipids and lipid-like molecules;Prenol lipids;Diterpenoids,subclass,1,Library,C26H37N5O,1.000,B21A19,Good,https://gnps.ucsd.edu/ProteoSAFe/result.jsp?task=955b2e3bd17c4f39b5f9bccfb43c00e1&view=view_all_annotations_DB#%7B%22main.%23Scan%23_lowerinput%22%3A%2235365%22%2C%22main.%23Scan%23_upperinput%22%3A%2235372%22%7D,qTof,N/A,N/A
1.35E+08,1.22E+06,35367,413,436.3065349554250,8.607103,Lipids and lipid-like molecules;Prenol lipids;Diterpenoids,subclass,1,Library,C26H37N5O,1.000,B21A19,Good,https://gnps.ucsd.edu/ProteoSAFe/result.jsp?task=955b2e3bd17c4f39b5f9bccfb43c00e1&view=view_all_annotations_DB#%7B%22main.%23Scan%23_lowerinput%22%3A%2235365%22%2C%22main.%23Scan%23_upperinput%22%3A%2235372%22%7D,qTof,N/A,N/A
1.35E+08,1.22E+06,35368,413,436.30656445504800,8.921452,Lipids and lipid-like molecules;Prenol lipids;Diterpenoids,subclass,1,Library,C26H37N5O,1.000,B21A19,Good,https://gnps.ucsd.edu/ProteoSAFe/result.jsp?task=955b2e3bd17c4f39b5f9bccfb43c00e1&view=view_all_annotations_DB#%7B%22main.%23Scan%23_lowerinput%22%3A%2235365%22%2C%22main.%23Scan%23_upperinput%22%3A%2235372%22%7D,qTof,N/A,N/A
1.35E+08,1.22E+06,35372,413,436.30673270481100,9.539249,Lipids and lipid-like molecules;Prenol lipids;Diterpenoids,subclass,1,Library,C26H37N5O,1.000,B21A19,Good,https://gnps.ucsd.edu/ProteoSAFe/result.jsp?task=955b2e3bd17c4f39b5f9bccfb43c00e1&view=view_all_annotations_DB#%7B%22main.%23Scan%23_lowerinput%22%3A%2235365%22%2C%22main.%23Scan%23_upperinput%22%3A%2235372%22%7D,qTof,N/A,N/A
1.35E+08,1.22E+06,36000,413,440.33767125771000,9.406495,Lipids and lipid-like molecules;Prenol lipids;Diterpenoids,subclass,1,Library,C26H41N5O,1.000,Axistatin1/2,Good,https://gnps.ucsd.edu/ProteoSAFe/result.jsp?task=955b2e3bd17c4f39b5f9bccfb43c00e1&view=view_all_annotations_DB#%7B%22main.%23Scan%23_lowerinput%22%3A%2236000%22%2C%22main.%23Scan%23_upperinput%22%3A%2236005%22%7D,qTof,C/C(CCC1(C(CCC2(C(C)=CCCC12)C)C)C)=C/CN(C(C(NC)=NC=N3)=C3N)C=O,"InChI=1S/C26H41N5O/c1-18(12-15-31(17-32)22-23(27)29-16-30-24(22)28-6)10-13-25(4)20(3)11-14-26(5)19(2)8-7-9-21(25)26/h8,12,16-17,20-21H,7,9-11,13-15H2,1-6H3,(H3,27,28,29,30)/b18-12-"
1.35E+08,1.22E+06,36002,413,440.33797707924100,10.285459,Lipids and lipid-like molecules;Prenol lipids;Diterpenoids,subclass,1,Library,C25H42O5,1.000,Axistatin1/2,Good,https://gnps.ucsd.edu/ProteoSAFe/result.jsp?task=955b2e3bd17c4f39b5f9bccfb43c00e1&view=view_all_annotations_DB#%7B%22main.%23Scan%23_lowerinput%22%3A%2236000%22%2C%22main.%23Scan%23_upperinput%22%3A%2236005%22%7D,qTof,C/C(CCC1(C(CCC2(C(C)=CCCC12)C)C)C)=C/CN(C(C(NC)=NC=N3)=C3N)C=O,"InChI=1S/C26H41N5O/c1-18(12-15-31(17-32)22-23(27)29-16-30-24(22)28-6)10-13-25(4)20(3)11-14-26(5)19(2)8-7-9-21(25)26/h8,12,16-17,20-21H,7,9-11,13-15H2,1-6H3,(H3,27,28,29,30)/b18-12-"
1.35E+08,1.22E+06,36004,413,440.338571279875,9.615723,Lipids and lipid-like molecules;Prenol lipids;Diterpenoids,subclass,1,Library,C26H41N5O,1.000,Axistatin1/2,Good,https://gnps.ucsd.edu/ProteoSAFe/result.jsp?task=955b2e3bd17c4f39b5f9bccfb43c00e1&view=view_all_annotations_DB#%7B%22main.%23Scan%23_lowerinput%22%3A%2236000%22%2C%22main.%23Scan%23_upperinput%22%3A%2236005%22%7D,qTof,C/C(CCC1(C(CCC2(C(C)=CCCC12)C)C)C)=C/CN(C(C(NC)=NC=N3)=C3N)C=O,"InChI=1S/C26H41N5O/c1-18(12-15-31(17-32)22-23(27)29-16-30-24(22)28-6)10-13-25(4)20(3)11-14-26(5)19(2)8-7-9-21(25)26/h8,12,16-17,20-21H,7,9-11,13-15H2,1-6H3,(H3,27,28,29,30)/b18-12-"
9.26E+05,5.05E+03,36005,11514,440.3393311008710,10.775434,Unknown,NA,NA,NA,C26H41N5O,1.000,B21A03,,,qTof,N/A,N/A
1.60E+05,3.23E+04,37580,19,454.2805077649110,10.72622,Lipids and lipid-like molecules;Prenol lipids;Diterpenoids,subclass,1,In silico,NA,NA,NA,,,NA,NA,NA
1.60E+05,3.23E+04,37582,19,454.28055536918300,10.63162,Lipids and lipid-like molecules;Prenol lipids;Diterpenoids,subclass,1,In silico,C24H36O7,1.000,NA,,,NA,NA,NA
1.26E+05,2.79E+04,37785,7744,456.22302208036100,8.633918,Lipids and lipid-like molecules;Prenol lipids;Terpene lactones,subclass,1,In silico,C22H33NO9,1.000,NA,,,NA,NA,NA
1.91E+05,7.53E+04,38177,2161,460.21801662309900,5.5254555,Organic oxygen compounds;Organooxygen compounds;Carbohydrates and carbohydrate conjugates,subclass,1,In silico,C21H33NO10,0.999,NA,,,NA,NA,NA
1.60E+06,8.12E+05,38331,577,462.28572120965500,10.910006,Lipids and lipid-like molecules,superclass,0.6666666666666670,In silico,NA,NA,NA,,,NA,NA,NA
1.60E+06,8.12E+05,38350,577,462.35432593953300,11.082137,Lipids and lipid-like molecules,superclass,0.6666666666666670,In silico,C23H47N3O6,0.966,NA,,,NA,NA,NA
2.27E+05,2.29E+04,39779,11796,478.20706730283700,8.647265,Organic oxygen compounds;Organooxygen compounds;Carbohydrates and carbohydrate conjugates,subclass,1,In silico,NA,NA,NA,,,NA,NA,NA
2.94E+05,1.31E+05,39824,617,478.31679722141500,10.9830675,Lipids and lipid-like molecules,superclass,0.6666666666666670,In silico,NA,NA,NA,,,NA,NA,NA
5.55E+05,1.37E+04,40003,3891,480.30889109950400,10.971786,Lipids and lipid-like molecules;Glycerophospholipids;Glycerophosphoethanolamines,subclass,1,Library,NA,NA,Spectral Match to 1-(9Z-Octadecenoyl)-sn-glycero-3-phosphoethanolamine from NIST14,Good,https://gnps.ucsd.edu/ProteoSAFe/result.jsp?task=955b2e3bd17c4f39b5f9bccfb43c00e1&view=view_all_annotations_DB#%7B%22main.%23Scan%23_lowerinput%22%3A%2240003%22%2C%22main.%23Scan%23_upperinput%22%3A%2240003%22%7D,qTof,CCCCCCCC/C=C\CCCCCCCC(=O)OC[C@H](COP(=O)(O)OCCN)O,"InChI=1S/C23H46NO7P/c1-2-3-4-5-6-7-8-9-10-11-12-13-14-15-16-17-23(26)29-20-22(25)21-31-32(27,28)30-19-18-24/h9-10,22,25H,2-8,11-21,24H2,1H3,(H,27,28)/b10-9-/t22-/m1/s1"
2.60E+06,7.22E+04,40192,1117,482.34810090742500,10.446102,Phenylpropanoids and polyketides,superclass,0.6666666666666670,In silico,C27H47NO6,1.000,NA,,,NA,NA,NA
1.60E+06,8.12E+05,40219,577,482.8606455337400,11.24859,Lipids and lipid-like molecules,superclass,0.6666666666666670,In silico,C9H18O4P2S6,1.000,NA,,,NA,NA,NA
1.60E+06,8.12E+05,40856,577,491.3746486660000,11.259545,Lipids and lipid-like molecules,superclass,0.6666666666666670,In silico,C28H52O5,1.000,NA,,,NA,NA,NA
5.77E+06,0.00E+00,41675,6798,505.03323383059100,10.1979685,Benzenoids;Naphthalenes;Nitronaphthalenes,subclass,1,In silico,NA,NA,NA,,,NA,NA,NA
2.94E+05,1.31E+05,41751,617,506.31206563160000,11.108685,Lipids and lipid-like molecules,superclass,0.6666666666666670,In silico,C28H43NO7,0.571,NA,,,NA,NA,NA
1.60E+06,8.12E+05,42579,577,520.3961853392520,11.431237,Lipids and lipid-like molecules,superclass,0.6666666666666670,In silico,NA,NA,NA,,,NA,NA,NA
1.02E+05,3.40E+04,42590,10263,521.2020407699430,7.0670376,Organoheterocyclic compounds;Naphthopyrans,class,1,In silico,C26H32O11,1.000,NA,,,NA,NA,NA
2.60E+06,7.22E+04,42768,1117,524.3589491661060,10.93501,Phenylpropanoids and polyketides,superclass,0.6666666666666670,In silico,C29H49NO7,1.000,NA,,,NA,NA,NA
2.60E+06,7.22E+04,42769,1117,524.3590965728490,10.997727,Phenylpropanoids and polyketides,superclass,0.6666666666666670,In silico,C29H49NO7,1.000,NA,,,NA,NA,NA
1.60E+06,8.12E+05,43723,577,549.416525513923,11.588462,Lipids and lipid-like molecules,superclass,0.6666666666666670,In silico,NA,NA,NA,,,NA,NA,NA
8.55E+05,1.60E+04,44009,2538,558.421909432315,10.579082,"Organic acids and derivatives;Carboxylic acids and derivatives;Amino acids, peptides, and analogues",subclass,1,In silico,NA,NA,NA,,,NA,NA,NA
1.60E+06,8.12E+05,44499,577,578.4378115632280,11.768255,Lipids and lipid-like molecules,superclass,0.6666666666666670,In silico,NA,NA,NA,,,NA,NA,NA
2.80E+05,3.22E+04,44888,217,604.406173032192,11.254383,"Organic acids and derivatives;Carboxylic acids and derivatives;Amino acids, peptides, and analogues",subclass,1,In silico,NA,NA,NA,,,NA,NA,NA
2.80E+05,3.22E+04,44890,217,604.4062618073690,11.126208,"Organic acids and derivatives;Carboxylic acids and derivatives;Amino acids, peptides, and analogues",subclass,1,In silico,NA,NA,NA,,,NA,NA,NA
2.80E+05,3.22E+04,44893,217,604.4425577185070,11.272132,"Organic acids and derivatives;Carboxylic acids and derivatives;Amino acids, peptides, and analogues",subclass,1,In silico,NA,NA,NA,,,NA,NA,NA
1.60E+06,8.12E+05,44921,577,607.4583133351240,11.945974,Lipids and lipid-like molecules,superclass,0.6666666666666670,In silico,NA,NA,NA,,,NA,NA,NA
5.22E+06,0.00E+00,45048,1199,615.0269086241570,10.108534,"Nucleosides, nucleotides, and analogues;Purine nucleotides;Purine ribonucleotides",subclass,1,In silico,NA,NA,NA,,,NA,NA,NA
7.55E+05,2.42E+04,45128,11716,621.2911958450480,6.899152,Organic acids and derivatives,superclass,0.6666666666666670,In silico,NA,NA,NA,,,NA,NA,NA
1.60E+06,8.12E+05,45294,577,636.4791860489820,12.138822,Lipids and lipid-like molecules,superclass,0.6666666666666670,In silico,NA,NA,NA,,,NA,NA,NA
7.55E+05,2.42E+04,45461,11716,653.2620313789580,7.2456155,Organic acids and derivatives,superclass,0.6666666666666670,In silico,NA,NA,NA,,,NA,NA,NA
7.55E+05,2.42E+04,45462,11716,653.2629074802640,7.038543,Organic acids and derivatives,superclass,0.6666666666666670,In silico,NA,NA,NA,,,NA,NA,NA
1.60E+06,8.12E+05,45577,577,665.5001374731870,12.360698,Lipids and lipid-like molecules,superclass,0.6666666666666670,In silico,C39H68O8,0.556,NA,,,NA,NA,NA
1.60E+06,8.12E+05,45732,577,694.5211075407690,12.607808,Lipids and lipid-like molecules,superclass,0.6666666666666670,In silico,C35H71N3O10,0.992,NA,,,NA,NA,NA